Symbol,options_available
A,TRUE
AA,TRUE
AACB,FALSE
AACI,FALSE
AACO,FALSE
AACP,FALSE
AADX,TRUE
AAL,TRUE
AAME,FALSE
AAMI,TRUE
AAOI,TRUE
"AAONAAON, ",FALSE
AAP,TRUE
AAPL,TRUE
AARD,TRUE
AAT,TRUE
AB,TRUE
ABAT,TRUE
ABBV,TRUE
ABCB,TRUE
ABCL,TRUE
ABEO,TRUE
ABG,TRUE
ABLV,FALSE
ABMABM ,FALSE
ABNB,TRUE
ABOS,TRUE
ABR,TRUE
ABSI,TRUE
ABT,TRUE
AABTC,FALSE
ABTS,FALSE
ABUS,TRUE
ABVCABVC ,FALSE
ABX,TRUE
ACA,TRUE
ACAA,FALSE
ACADACADIA ,FALSE
ACCL,FALSE
ACCO,TRUE
ACCSACCESS ,FALSE
ACDC,TRUE
ACEL,TRUE
ACET,TRUE
ACFN,FALSE
ACGCACP ,FALSE
ACGL,TRUE
ACH,TRUE
ACHC,TRUE
ACHR,TRUE
ACHV,TRUE
ACI,TRUE
ACIC,TRUE
ACIUAC ,FALSE
ACIWACI ,FALSE
ACLS,TRUE
ACMAECOM,FALSE
ACMRACM ,FALSE
ACN,TRUE
ACNBACNB ,FALSE
ACNT,TRUE
ACOG,TRUE
ACON,FALSE
ACRACRES ,FALSE
ACRE,TRUE
ACRS,TRUE
ACRV,FALSE
ACT,TRUE
ACTG,TRUE
ACTU,FALSE
ACU,FALSE
ACVAACV ,FALSE
ACXP,FALSE
AD,TRUE
ADAC,FALSE
ADAM,TRUE
ADBE,TRUE
ADC,TRUE
ADCTADC ,FALSE
ADEA,TRUE
ADGM,FALSE
ADI,TRUE
AADIGADI ,FALSE
ADIL,FALSE
ADM,TRUE
ADMAADMA ,FALSE
ADNT,TRUE
ADP,TRUE
ADPT,TRUE
ADSEADS-TEC ENERGY PLC,FALSE
ADSK,TRUE
ADTADT ,FALSE
ADTNADTRAN ,FALSE
ADUS,TRUE
ADV,TRUE
ADVB,FALSE
AEAQ,FALSE
AEBI,FALSE
AEE,TRUE
AAEHL,FALSE
AEHR,TRUE
AEI,FALSE
AEIS,TRUE
AAEMD,FALSE
AENT,FALSE
AEO,TRUE
AEONAEON ,FALSE
AEP,TRUE
AER,TRUE
AAERT,FALSE
AES,TRUE
AESI,TRUE
AAESP,FALSE
AEVA,TRUE
AEXA,TRUE
AEYE,TRUE
AFCG,TRUE
AFG,TRUE
AFJK,FALSE
AFLAFLAC ,FALSE
AFRI,FALSE
AFRM,TRUE
AFYA,TRUE
AGBKAGI ,FALSE
AGCC,FALSE
AGCOAGCO ,FALSE
AGEN,TRUE
AGIG,FALSE
AGIO,TRUE
AG,TRUE
AGM,TRUE
AGMHAGM ,FALSE
AGNCAGNC ,FALSE
"AGNTAGNT, ",FALSE
AGO,TRUE
AGPU,FALSE
AGRO,TRUE
AGRZ,FALSE
AGX,TRUE
AGYS,TRUE
AHCO,TRUE
AHMA,FALSE
AHR,TRUE
AHRTAH ,FALSE
AHT,FALSE
AIC3,FALSE
AIAIAIAI ,FALSE
AIBAIB ,FALSE
AIDX20/20 ,FALSE
AAIFA,FALSE
AIFCAI ,FALSE
AIFF,FALSE
AAIFUAIFU ,FALSE
AIG,TRUE
AIHS,FALSE
AII,FALSE
AIIAAI ,FALSE
AIIO,FALSE
AIIR,FALSE
AIMAIM ,FALSE
AIMD,FALSE
AIN,TRUE
AIOSAIOS ,FALSE
AIOT,TRUE
AIP,TRUE
AIRAAR ,FALSE
AIR,TRUE
AIRG,TRUE
AIRI,FALSE
AIRJ,TRUE
AIROAIRO ,FALSE
AIRS,TRUE
AIRT,FALSE
AISP,TRUE
AIT,TRUE
AIV,TRUE
AIXCA,FALSE
AIZ,TRUE
AJG,TRUE
AK,FALSE
AKAM,TRUE
AKAN,FALSE
AKBA,TRUE
AKR,TRUE
AKTS,TRUE
ALAB,TRUE
ALB,TRUE
ALCO,FALSE
ALDF,FALSE
ALDX,TRUE
ALEC,TRUE
ALF,FALSE
ALG,TRUE
ALGM,TRUE
ALGN,TRUE
ALGS,FALSE
ALGT,TRUE
ALH,TRUE
ALHC,TRUE
ALIS,FALSE
AALIT,FALSE
ALK,TRUE
ALKS,TRUE
ALKT,TRUE
ALL,TRUE
ALLE,TRUE
ALLO,TRUE
ALLR,FALSE
ALLT,TRUE
ALLY,TRUE
ALM,TRUE
ALMR,FALSE
ALMS,TRUE
ALMU,TRUE
ALNT,TRUE
ALNY,TRUE
ALOT,FALSE
ALOV,FALSE
ALOYR,FALSE
ALP,FALSE
ALPSALPS ,FALSE
AALPX,FALSE
ALRM,TRUE
ALRS,TRUE
ALSN,TRUE
ALT,TRUE
ALTG,TRUE
ALTI,TRUE
ALTO,TRUE
ALUB,FALSE
ALV,TRUE
ALVO,FALSE
ALX,FALSE
ALXOALX ,FALSE
ALZN,FALSE
AM,TRUE
AMAL,TRUE
AMAN,FALSE
AMAT,TRUE
AMBA,TRUE
AMBP,TRUE
AMBQ,TRUE
AMCAMC ,FALSE
AMCIAMC ,FALSE
AMCR,TRUE
AMCXAMC ,FALSE
AMD,TRUE
"AMEAMETEK, ",FALSE
AMG,TRUE
AMGN,TRUE
AMH,TRUE
AAMIX,FALSE
AMKR,TRUE
AMLX,TRUE
AMNAMN ,FALSE
AAMOD,FALSE
AMP,TRUE
AMPG,TRUE
AMPH,TRUE
AMPL,TRUE
AMPX,TRUE
AMPY,TRUE
AMR,TRUE
AMRC,TRUE
AMRX,TRUE
AMRZ,TRUE
AMS,FALSE
AMSC,TRUE
"AMSFAMERISAFE, ",FALSE
AMSSAMASS ,FALSE
AMST,FALSE
AMT,TRUE
AMTB,TRUE
AMTM,TRUE
AMTX,TRUE
AMWL,TRUE
AAMZE,FALSE
AMZN,TRUE
AN,TRUE
ANAB,TRUE
ANDE,TRUE
ANDG,FALSE
ANET,TRUE
ANF,TRUE
ANGH,FALSE
ANGI,TRUE
ANGO,TRUE
ANGX,TRUE
ANIK,TRUE
ANIPANI ,FALSE
ANIX,TRUE
ANNA,FALSE
ANNX,TRUE
ANPA,FALSE
ANRO,TRUE
ANTA,FALSE
ANTXAN2 ,FALSE
ANVS,TRUE
ANY,TRUE
AOMR,FALSE
AON,TRUE
AORT,TRUE
AOSA.O. ,FALSE
AOSL,TRUE
AOUT,TRUE
AP,TRUE
APAAPA ,FALSE
APAC,FALSE
APAM,TRUE
APCARKO ,FALSE
APD,TRUE
APEI,TRUE
APGA,FALSE
APGE,TRUE
APH,TRUE
APLD,TRUE
APLE,TRUE
APLM,FALSE
AAPMC,FALSE
AAPMD,FALSE
APO,TRUE
APOG,TRUE
APP,TRUE
APPF,TRUE
APPN,TRUE
APPS,TRUE
APRE,FALSE
APT,TRUE
APTV,TRUE
AAPUR,FALSE
AAPUS,FALSE
APVO,FALSE
APWC,FALSE
APXT,FALSE
APYX,TRUE
AQB,FALSE
AQMS,FALSE
AQST,TRUE
AR,TRUE
ARAI,FALSE
ARAY,TRUE
ARBBARB IOT ,FALSE
ARBE,TRUE
ARCB,TRUE
ARCC,TRUE
ARCI,FALSE
ARCLARC ,FALSE
ARCO,TRUE
ARCT,TRUE
ARDT,TRUE
ARDX,TRUE
ARE,TRUE
AREC,TRUE
AREN,TRUE
ARES,TRUE
ARHS,TRUE
ARI,TRUE
ARKOARKO ,FALSE
ARKR,FALSE
ARL,FALSE
ARLO,TRUE
ARLP,TRUE
ARMK,TRUE
ARMP,TRUE
AROC,TRUE
AROW,TRUE
ARQ,TRUE
ARQQ,TRUE
ARQT,TRUE
ARRARMOUR ,FALSE
ARRY,TRUE
ARTC,FALSE
ARTL,FALSE
ARTNA,FALSE
ARTV,TRUE
ARTW,FALSE
ARVN,TRUE
ARW,TRUE
ARWR,TRUE
ARX,TRUE
ARXS,TRUE
AS,TRUE
ASAN,TRUE
ASB,TRUE
ASBP,FALSE
ASC,TRUE
ASH,TRUE
ASIC,FALSE
ASIX,TRUE
ASLE,TRUE
ASMB,TRUE
ASND,TRUE
ASO,TRUE
ASPCA SPAC III ,FALSE
ASPIASP ,FALSE
ASPN,TRUE
ASPS,FALSE
ASRV,TRUE
ASST,TRUE
ASTC,FALSE
ASTE,TRUE
ASTH,TRUE
ASTI,TRUE
ASTL,TRUE
ASTSAST ,FALSE
ASUR,TRUE
ASYS,TRUE
ATAI,TRUE
ATCH,FALSE
ATEC,TRUE
ATENA10 ,FALSE
ATER,TRUE
ATEX,TRUE
ATGL,FALSE
ATHR,FALSE
ATIATI ,FALSE
ATII,FALSE
ATKR,TRUE
ATLC,FALSE
ATLO,TRUE
ATLX,TRUE
ATMU,TRUE
ATNIATN ,FALSE
ATNM,TRUE
ATO,TRUE
ATOM,TRUE
ATOS,TRUE
ATPC,FALSE
ATR,TRUE
ATRA,FALSE
ATRC,TRUE
ATRO,TRUE
AATTO,FALSE
ATXG,FALSE
ATY,FALSE
AU,TRUE
AUB,TRUE
AUBN,FALSE
AUCATIF ,FALSE
AUDC,TRUE
AUGO,TRUE
AUI,FALSE
AUNA,FALSE
AUPH,TRUE
AUR,TRUE
AURA,TRUE
AURE,FALSE
AUST,FALSE
AUUD,FALSE
AVA,TRUE
AVAH,TRUE
AAVAT,FALSE
AVAV,TRUE
AVB,TRUE
AVBC,TRUE
AVBH,FALSE
AVBP,TRUE
AVD,TRUE
AVEXAEVEX ,FALSE
AVGO,TRUE
AVIR,TRUE
AVLN,TRUE
AVNT,TRUE
AVNW,TRUE
AVO,TRUE
AVPT,TRUE
AVR,TRUE
AVT,TRUE
AVTR,TRUE
AVTX,TRUE
AAVX,FALSE
AVXL,TRUE
AVY,TRUE
AWI,TRUE
AWK,TRUE
AWR,TRUE
AWRE,TRUE
AWX,FALSE
AX,TRUE
AXG,FALSE
AXGN,TRUE
AXILAXIL ,FALSE
AXIN,FALSE
AXON,TRUE
AXP,TRUE
AXRAMREP ,FALSE
AXS,TRUE
AXSM,TRUE
AXTA,TRUE
AXTIAXT ,FALSE
AYI,TRUE
AYTU,FALSE
AZA2Z ,FALSE
AZI,FALSE
AZIO,FALSE
AZO,TRUE
AZTA,TRUE
AZTR,FALSE
AZZAZZ ,FALSE
BA,TRUE
BAC,TRUE
BACC,FALSE
BAER,FALSE
BAFN,FALSE
BAH,TRUE
BALL,TRUE
BALY,FALSE
BAM,TRUE
BANC,TRUE
BAND,TRUE
BANF,TRUE
BBANLCBL ,FALSE
BANR,TRUE
BAOS,FALSE
BAP,TRUE
"BARKBARK, ",FALSE
BATL,FALSE
BATRA,TRUE
BAX,TRUE
BBAI,TRUE
BBBY,FALSE
BBCP,TRUE
BBCQ,FALSE
BBDC,TRUE
BBGI,FALSE
BBIO,TRUE
BBLG,FALSE
BBNX,TRUE
BBOT,FALSE
BBSI,TRUE
BBT,TRUE
BBW,TRUE
BBWI,TRUE
BBY,TRUE
BC,TRUE
BCAB,TRUE
BCAL,FALSE
BCARD. ,FALSE
BCAX,TRUE
BCBPBCB ,FALSE
BCC,TRUE
BBCCQ,FALSE
BCDA,FALSE
BCG,FALSE
BCHT,FALSE
BCICBCP ,FALSE
BCML,TRUE
BCO,TRUE
BCPC,TRUE
BCRX,TRUE
BCSF,TRUE
BCSS,FALSE
BDC,TRUE
BDCIBTC ,FALSE
BDL,FALSE
BDMD,FALSE
BDN,TRUE
BDSX,FALSE
BDTX,TRUE
BDX,TRUE
BE,TRUE
BEAG,FALSE
BEAM,TRUE
BEAT,FALSE
BEBETGE ,FALSE
BEEM,TRUE
BEEP,FALSE
BELFA,FALSE
BEN,TRUE
BENF,FALSE
BEPC,TRUE
BESS,FALSE
BETA,TRUE
BETR,TRUE
BF.A,FALSE
BFAM,TRUE
BFC,FALSE
BFH,TRUE
BFLY,TRUE
BFRG,FALSE
BFRI,FALSE
BFS,TRUE
BFST,TRUE
BG,TRUE
BGCBGC ,FALSE
BGDE,FALSE
BGI,FALSE
BGIN,FALSE
BGL,FALSE
BGLC,FALSE
BGMBGM ,FALSE
BGMS,FALSE
BGSB&G ,FALSE
"BGSFBGSF, ",FALSE
BH,FALSE
BHAVBHAV ,FALSE
BHB,TRUE
BHE,TRUE
BHF,TRUE
BHM,FALSE
BHR,TRUE
BHRB,FALSE
BHVN,TRUE
BIA,FALSE
BBID,FALSE
BIIB,TRUE
BIII,FALSE
BILLBILL ,FALSE
BIO,TRUE
BIOA,TRUE
BBIOT,FALSE
BIOX,TRUE
BIP,TRUE
BIRD,FALSE
BIRK,TRUE
BIVI,FALSE
BIXI,FALSE
BBIYA,FALSE
BJBJ,FALSE
BJDX,FALSE
BJRIBJ,FALSE
BKD,TRUE
BKE,TRUE
BKH,TRUE
BKHA,FALSE
BKKT,TRUE
BKNG,TRUE
BKR,TRUE
BKSY,TRUE
BKTIBK ,FALSE
BKU,TRUE
BKVBKV ,FALSE
BKYIBIO,FALSE
BL,TRUE
BLBD,TRUE
BLCO,TRUE
BLDR,TRUE
BLFS,TRUE
BLIN,FALSE
BLIV,FALSE
BLK,TRUE
BLKB,TRUE
BLLN,TRUE
BLMN,TRUE
BLND,TRUE
BLNE,FALSE
BLNK,TRUE
BLRK,FALSE
BLSH,TRUE
BBLSM,FALSE
BLUW,FALSE
BLX,TRUE
BLZE,TRUE
BLZR,FALSE
BMBL,TRUE
BMEA,TRUE
BBMGL,FALSE
BMHL,FALSE
BMI,TRUE
BMNR,TRUE
BMR,FALSE
BMRA,FALSE
BMRC,TRUE
BMRN,TRUE
BMY,TRUE
BN,TRUE
BNAI,FALSE
BNCCEA ,FALSE
BNED,TRUE
BNGO,FALSE
BNKK,FALSE
BNL,TRUE
BNRG,FALSE
BNTC,TRUE
BNY,TRUE
BOBS,TRUE
BOC,TRUE
BODI,FALSE
BOF,FALSE
BOH,TRUE
BOKFBOK ,FALSE
BOLD,FALSE
BOLT,FALSE
BON,FALSE
BOOMDMC ,FALSE
BOOT,TRUE
BORR,TRUE
BOSCB.O.S. ,FALSE
BOTJ,FALSE
BOW,FALSE
BOX,TRUE
BBOXL,FALSE
BPAC,FALSE
BPOP,TRUE
BPRN,FALSE
BQ,FALSE
BR,TRUE
BRAI,FALSE
BRBR,TRUE
BRBS,TRUE
BRC,TRUE
BRCB,TRUE
BRCCBRC ,FALSE
BBREZ,FALSE
BRFH,FALSE
BRIA,FALSE
BRID,FALSE
BRK.A,FALSE
BBRKH,FALSE
BRKR,TRUE
BRLS,FALSE
BRLT,TRUE
BRN,FALSE
BRO,TRUE
BROS,TRUE
BRR,TRUE
BRSL,TRUE
BRSP,TRUE
BRTBRT ,FALSE
BRTX,FALSE
BRUN,TRUE
BBRVE,FALSE
BRX,TRUE
BRZE,TRUE
BSAABEST SPAC I ,FALSE
BSBK,FALSE
BSEM,FALSE
BSET,TRUE
BSIN,FALSE
BSM,TRUE
BSP,TRUE
BSRR,TRUE
BSVN,FALSE
BSX,TRUE
BSY,TRUE
BTAI,FALSE
BTBDBT ,FALSE
BTBT,TRUE
BTCSBTCS ,FALSE
BTCTBTC ,FALSE
BTDR,TRUE
BTGO,TRUE
BTMD,FALSE
BTOC,FALSE
BTOG,FALSE
BTSG,TRUE
BTTC,FALSE
BTU,TRUE
BUDA,FALSE
BULL,TRUE
BURL,TRUE
BUSE,TRUE
BUUUBUUU ,FALSE
BV,TRUE
BVC,FALSE
BVFLBV ,FALSE
BVS,TRUE
BW,TRUE
BWA,TRUE
BWB,TRUE
BWEN,TRUE
BWFG,FALSE
BWIN,TRUE
BWIV,FALSE
BWMN,TRUE
BWMX,TRUE
BWXTBWX ,FALSE
BX,TRUE
"BBXBLBOXABL, ",FALSE
BXC,TRUE
BXDC,TRUE
BXMT,TRUE
"BXPBXP, ",FALSE
BXSL,TRUE
BY,TRUE
BBYAH,FALSE
BYD,TRUE
BYFC,FALSE
BYND,TRUE
BYRN,TRUE
BYSI,TRUE
BZAI,TRUE
BZFD,TRUE
BZH,TRUE
C,TRUE
CAAP,TRUE
CAAS,TRUE
CABA,TRUE
CABO,FALSE
CABR,FALSE
CAC,TRUE
CACC,TRUE
CACICACI ,FALSE
CADL,TRUE
CCAES,FALSE
CAG,TRUE
CAH,TRUE
CAI,TRUE
CCAII,FALSE
CAKE,TRUE
CAL,TRUE
CALC,FALSE
CALM,TRUE
CALX,TRUE
CALY,TRUE
CAMPCAMP4 ,FALSE
CAMT,TRUE
CCANG,FALSE
CAPL,TRUE
CAPN,FALSE
CAPR,TRUE
CAPS,FALSE
CAQ,FALSE
CAR,TRUE
CARE,TRUE
CARG,TRUE
CARL,FALSE
CARR,TRUE
CARS,TRUE
CART,TRUE
CASH,TRUE
CASS,TRUE
CAST,FALSE
CASY,TRUE
CAT,TRUE
CATO,TRUE
CATX,TRUE
CATY,TRUE
CAVACAVA ,FALSE
CB,TRUE
CBAN,TRUE
CCBATCBAK ,FALSE
CBC,TRUE
CBFVCB ,FALSE
CBIO,TRUE
CBK,FALSE
CBLCBL & ,FALSE
CBLL,TRUE
CBNA,FALSE
CBNK,TRUE
CBOE,TRUE
CBRECBRE ,FALSE
CBRL,TRUE
CBRS,TRUE
CBSH,TRUE
CBT,TRUE
CBU,TRUE
CBUS,TRUE
"CBZCBIZ, ",FALSE
CC,TRUE
CCAP,TRUE
CCAQ,FALSE
CCB,TRUE
CCBG,TRUE
CCCCCC ,FALSE
CCCCC4 ,FALSE
CCCCT,FALSE
CCEC,TRUE
CCEL,FALSE
CCEP,TRUE
CCCG,FALSE
CCCHHCCH ,FALSE
CCI,TRUE
CCII,FALSE
CCK,TRUE
CCL,TRUE
CCLD,TRUE
CCNECNB ,FALSE
CCO,TRUE
CCOI,TRUE
CCS,TRUE
CCSI,TRUE
CCTGCCSC ,FALSE
CCXI,TRUE
CD,TRUE
CDE,TRUE
CDIO,FALSE
CCDLX,FALSE
CDNA,TRUE
CDNL,TRUE
CDNS,TRUE
CDPCOPT ,FALSE
CDRE,TRUE
CDRO,FALSE
CCDTCDT ,FALSE
CDTGCDT ,FALSE
CDWCDW ,FALSE
CDXS,TRUE
CDZI,TRUE
CE,TRUE
CECOCECO ,FALSE
CEG,TRUE
CELC,TRUE
CELH,TRUE
CELU,TRUE
CELZ,FALSE
CENN,TRUE
CENT,TRUE
CENX,TRUE
CEPF,FALSE
CEPL,FALSE
CEPO,TRUE
CEPV,FALSE
CERS,TRUE
CERT,TRUE
CCETX,FALSE
CETY,FALSE
"CEVACEVA, ",FALSE
CFCF ,FALSE
CFBKCF ,FALSE
CFFIC&F ,FALSE
CFFN,TRUE
CFG,TRUE
CFNDC1 ,FALSE
CFR,TRUE
CG,TRUE
CGBD,TRUE
CGEM,TRUE
CGEN,TRUE
CGNT,TRUE
CGNX,TRUE
CGONCG ,FALSE
CCGTL,FALSE
CGTX,FALSE
CHAI,FALSE
CHAR,FALSE
CHCI,FALSE
CHCO,TRUE
CHCT,TRUE
CHD,TRUE
CHDN,TRUE
CHE,TRUE
CHEC,FALSE
CHEF,TRUE
CHGA,FALSE
CHGG,TRUE
CHH,TRUE
CHKP,TRUE
CHMG,FALSE
CHMI,TRUE
CHNR,FALSE
CHOW,FALSE
CHPG,FALSE
CHPT,TRUE
CHR,FALSE
CHRD,TRUE
CHRN,FALSE
CHRS,TRUE
CHRWC.H. ,FALSE
CHSN,FALSE
CHTR,TRUE
CHWY,TRUE
CHYM,TRUE
CI,TRUE
CIA,TRUE
CIEN,TRUE
CIFR,TRUE
CIGL,FALSE
CCIIT,FALSE
CIM,TRUE
CINF,TRUE
CING,TRUE
CINTCI&T ,FALSE
CIONCION ,FALSE
CIRC,FALSE
CISOCISO ,FALSE
CISSC,FALSE
CITR,FALSE
CIVB,TRUE
CIX,FALSE
CJMB,FALSE
CKXCKX ,FALSE
CL,TRUE
CLAR,TRUE
CLB,TRUE
CCLBK,FALSE
CLBR,FALSE
CLBT,TRUE
CCLDI,FALSE
CLDT,TRUE
CLDX,TRUE
CLF,TRUE
CLFD,TRUE
CLGN,TRUE
CLH,TRUE
CLIK,FALSE
CLIR,FALSE
CLMB,FALSE
CLMT,TRUE
CLNE,TRUE
CLNN,TRUE
CLOV,TRUE
CLPR,TRUE
CLPSCLPS ,FALSE
CLPT,TRUE
CLRB,FALSE
CLRO,FALSE
CLSK,TRUE
CLST,FALSE
CLVT,TRUE
CLW,TRUE
CLWT,FALSE
CLX,TRUE
CLYM,TRUE
CMC,TRUE
CMCL,TRUE
CMCO,TRUE
CMCSA,TRUE
CMCT,FALSE
CMDB,FALSE
CMECME ,FALSE
CMG,TRUE
CMI,TRUE
CMII,FALSE
CMND,FALSE
CMP,TRUE
CMPR,TRUE
CMPX,TRUE
CMRC,TRUE
CMRE,TRUE
CMSCMS ,FALSE
CMT,FALSE
CMTG,TRUE
CMTL,TRUE
CMTV,FALSE
CNACNA ,FALSE
CNC,TRUE
CNCK,FALSE
CNDT,TRUE
CNETZW ,FALSE
CNEYCN ,FALSE
CNHCNH ,FALSE
CNK,TRUE
CNM,TRUE
CNMDCONMED ,FALSE
CNNE,TRUE
CNOCNO ,FALSE
CNOB,TRUE
CNP,TRUE
CNR,TRUE
CNS,TRUE
CNSPCNS ,FALSE
CNSY,FALSE
CNTB,TRUE
CNTN,FALSE
CNTX,FALSE
CNTY,TRUE
CNVS,TRUE
CNXCNX ,FALSE
CNXC,TRUE
CNXNPC ,FALSE
CNXU,FALSE
COAG,FALSE
COCH,FALSE
COCO,TRUE
COCP,FALSE
CODA,FALSE
CODID/B/A ,FALSE
CODX,FALSE
COF,TRUE
COFS,FALSE
COGT,TRUE
COHN,FALSE
COHR,TRUE
COHU,TRUE
COIN,TRUE
COKE,TRUE
COLA,FALSE
COLB,TRUE
COLD,TRUE
COLL,TRUE
COLM,TRUE
COMP,TRUE
CON,TRUE
COO,TRUE
COOK,TRUE
COOT,FALSE
COP,TRUE
COPL,FALSE
COPR,FALSE
COR,TRUE
CORT,TRUE
CORZ,TRUE
COSM,TRUE
COSO,FALSE
COST,TRUE
COTY,TRUE
COUR,TRUE
COYA,TRUE
CPA,TRUE
CPAY,TRUE
CPB,TRUE
CPBI,FALSE
CPF,TRUE
CPHC,FALSE
CPHI,FALSE
CPIX,TRUE
CPK,TRUE
CPNG,TRUE
CCPOP,FALSE
CPRI,TRUE
CPRT,TRUE
CPS,TRUE
CPSHCPS ,FALSE
CPSS,TRUE
CPT,TRUE
CQP,TRUE
CR,TRUE
CRAC,FALSE
CRAICRA ,FALSE
CRAN,FALSE
CRBG,TRUE
CRBP,TRUE
CRBU,TRUE
CRC,TRUE
CRCL,TRUE
CRCT,TRUE
CRD.A,FALSE
CRDF,TRUE
CRDO,TRUE
CRE,FALSE
CREX,FALSE
CRGO,FALSE
CRGY,TRUE
CRH,TRUE
CRI,TRUE
CCRIS,FALSE
CRK,TRUE
CRL,TRUE
CRM,TRUE
CRMD,TRUE
CRML,TRUE
CRMT,FALSE
CRNC,TRUE
CRNT,TRUE
CRNX,TRUE
CROX,TRUE
CRS,TRUE
CRSPCRISPR ,FALSE
CRSR,TRUE
CRT,FALSE
CCRTO,FALSE
CRUS,TRUE
CRVL,TRUE
CRVO,FALSE
CRVS,TRUE
CRWD,TRUE
CRWS,TRUE
CRWV,TRUE
CCSAI,FALSE
CSBR,TRUE
CSCO,TRUE
CSGP,TRUE
CSHR,TRUE
CSIQ,TRUE
CSL,TRUE
CSPICSP ,FALSE
CSQR,TRUE
CSRD/B/A ,FALSE
CSTE,TRUE
CSTL,TRUE
CSTM,TRUE
CSV,TRUE
CSWCSW ,FALSE
CSWC,TRUE
CSXCSX ,FALSE
CTAA,FALSE
CTAS,TRUE
CTBI,TRUE
CTEV,TRUE
CTGO,TRUE
CTKB,TRUE
CTM,FALSE
CTMX,TRUE
CTNM,TRUE
CTNT,FALSE
CTOCTO ,FALSE
CTOR,FALSE
CTOS,TRUE
CTRE,TRUE
CTRI,TRUE
CTRM,TRUE
CTRN,TRUE
CTSCTS ,FALSE
CTSH,TRUE
CTSO,TRUE
CTVA,TRUE
CTW,FALSE
CTXR,TRUE
CUB,FALSE
CUBE,TRUE
CUBI,TRUE
CUE,TRUE
CULP,TRUE
CUPR,FALSE
CURB,TRUE
CURI,TRUE
CURR,FALSE
CURV,TRUE
CURX,FALSE
CUZ,TRUE
CV,FALSE
CVBFCVB ,FALSE
CVCO,TRUE
CVEO,TRUE
CVGI,TRUE
CVICVR ,FALSE
CVKD,FALSE
CVLG,TRUE
CVLT,TRUE
CVM,FALSE
CVNA,TRUE
CVR,FALSE
CVRXCV,FALSE
CVSCVS ,FALSE
CVSA,TRUE
CVUCPI ,FALSE
CVVCVD ,FALSE
CVX,TRUE
CW,TRUE
CWBC,TRUE
CWCO,TRUE
CWD,FALSE
CWH,TRUE
CWK,TRUE
CWST,TRUE
CWT,TRUE
CXAICX,FALSE
CXDO,TRUE
CCXII,FALSE
CXM,TRUE
CXT,TRUE
CXW,TRUE
CYAB,FALSE
CYCN,FALSE
CYCU,FALSE
CYD,TRUE
CYH,TRUE
CYN,FALSE
CYPH,TRUE
CYRX,TRUE
CYTK,TRUE
CZFS,FALSE
CZNC,TRUE
CZR,TRUE
CZWI,FALSE
D,TRUE
DAAQ,FALSE
DAC,TRUE
DAICCID ,FALSE
DAIO,TRUE
DAKT,TRUE
DAL,TRUE
DAN,TRUE
DAR,TRUE
DARE,FALSE
DASH,TRUE
DAVE,TRUE
DBCAD. ,FALSE
DBD,TRUE
DDBGI,FALSE
DBI,TRUE
DBRG,TRUE
DBX,TRUE
DC,TRUE
DCGO,TRUE
DCH,TRUE
DCI,TRUE
DCO,TRUE
DCOM,TRUE
DCOY,FALSE
DCTH,TRUE
DCX,FALSE
DDD,TRUE
DDCDDC ,FALSE
DDD3D ,FALSE
DDOG,TRUE
DDS,FALSE
DE,TRUE
DEA,TRUE
DEC,FALSE
DECK,TRUE
DEI,TRUE
DELL,TRUE
DERM,TRUE
DFDV,TRUE
DFH,TRUE
DFIN,TRUE
DFLI,FALSE
DDFNST3 ,FALSE
DFTX,TRUE
DG,TRUE
DDGAC,FALSE
DGICA,TRUE
DGII,TRUE
DGNX,TRUE
DGX,TRUE
DH,TRUE
DHC,TRUE
DHID.R. ,FALSE
DHR,TRUE
DHTDHT ,FALSE
DHXDHI ,FALSE
DIBS,TRUE
DIN,TRUE
DINOHF ,FALSE
DIOD,TRUE
DIS,TRUE
DITAMCON ,FALSE
DJCO,FALSE
DJT,TRUE
DK,TRUE
DKI,FALSE
DKL,TRUE
DKNG,TRUE
DKS,TRUE
DLB,TRUE
DLHCDLH ,FALSE
DLNG,TRUE
DLOD,FALSE
DLPN,TRUE
DLR,TRUE
DLTH,TRUE
DLTR,TRUE
DLX,TRUE
DLXY,FALSE
DMAA,FALSE
DMAC,TRUE
DMC,TRUE
DMII,FALSE
DMLP,TRUE
DDMRA,FALSE
DMRC,TRUE
DNA,TRUE
DNLI,TRUE
DNMX,FALSE
DNOWDNOW ,FALSE
DNTH,TRUE
DNUT,TRUE
DOC,TRUE
DOCN,TRUE
DOCS,TRUE
DOCU,TRUE
DOGZ,FALSE
DOLE,TRUE
DOMH,TRUE
DOMO,TRUE
DORM,TRUE
DOUG,TRUE
DOV,TRUE
DOW,TRUE
DOX,TRUE
DDPCDPC ,FALSE
DPU,FALSE
DPZ,TRUE
DRCT,FALSE
DRDB,FALSE
DRH,TRUE
DRI,TRUE
DRIO,FALSE
DRMA,FALSE
DRS,TRUE
DRTS,TRUE
DRVN,TRUE
DSAC,FALSE
DSGN,TRUE
DSGR,TRUE
DSP,TRUE
"DSSDSS, ",FALSE
DSWL,FALSE
DSX,TRUE
DSY,FALSE
DT,TRUE
DTCX,TRUE
DTEDTE ,FALSE
DTI,FALSE
DTIL,TRUE
DTMDT ,FALSE
DTSQDT ,FALSE
DTSS,FALSE
DTST,FALSE
DUK,TRUE
DUKRDUKE ,FALSE
DUO,FALSE
DUOL,TRUE
DUOT,TRUE
DV,TRUE
DVA,TRUE
DVLT,FALSE
DVN,TRUE
DWSN,FALSE
DWTX,FALSE
DX,TRUE
DXCDXC ,FALSE
DXCM,TRUE
DXLG,TRUE
DXPEDXP ,FALSE
DXST,FALSE
DY,TRUE
DYAI,TRUE
DYN,TRUE
DYNC,TRUE
DYOR,FALSE
EAF,TRUE
EAT,TRUE
EBA,FALSE
EBC,TRUE
EBF,TRUE
EBMT,FALSE
EBON,FALSE
EBS,TRUE
ECBKECB ,FALSE
ECG,TRUE
ECHO,TRUE
ECL,TRUE
ECO,TRUE
ECO,TRUE
ECPG,TRUE
ECVT,TRUE
ECXECARX ,FALSE
ED,TRUE
EEDBL,FALSE
EDHL,FALSE
EDIT,TRUE
EDRY,FALSE
EDSA,FALSE
EDTK,FALSE
EDUC,FALSE
EE,TRUE
EEFT,TRUE
EEIQ,FALSE
EFC,TRUE
EFOI,FALSE
EFOR,TRUE
EFSC,TRUE
EFSI,FALSE
EFX,TRUE
EG,TRUE
EGA,FALSE
EGBN,TRUE
EGG,FALSE
EGHAEGH ,FALSE
EGHT,TRUE
EGP,TRUE
EGYVAALCO ,FALSE
EHC,TRUE
EHGO,FALSE
EHLD,FALSE
EHT,FALSE
EIG,TRUE
EIKN,FALSE
EIX,TRUE
EJHE-,FALSE
EL,TRUE
ELA,TRUE
ELABPMGC ,FALSE
ELAN,TRUE
ELDN,TRUE
EL,TRUE
ELLO,FALSE
ELMD,TRUE
ELME,TRUE
ELMT,FALSE
ELOG,FALSE
ELOX,FALSE
EELPW,FALSE
ELS,TRUE
ELTK,FALSE
ELTX,TRUE
ELUT,FALSE
ELV,TRUE
ELVN,TRUE
ELWT,FALSE
EMAT,FALSE
EMBC,TRUE
EMEEMCOR ,FALSE
EMIS,FALSE
EML,FALSE
EMN,TRUE
EMPD,TRUE
EMR,TRUE
ENG,FALSE
ENGS,FALSE
ENHA,FALSE
ENLV,TRUE
ENOV,TRUE
ENPH,TRUE
ENR,TRUE
ENS,TRUE
ENSC,FALSE
ENSG,TRUE
ENTA,TRUE
ENTG,TRUE
ENTX,TRUE
ENVA,TRUE
ENVB,FALSE
ENVX,TRUE
EOGEOG ,FALSE
EOLS,TRUE
EONREON ,FALSE
EOSE,TRUE
EP,FALSE
EPAC,TRUE
EPAMEPAM ,FALSE
EPC,TRUE
EPD,TRUE
EPM,TRUE
EPOWE-,FALSE
EPREPR ,FALSE
EPRT,TRUE
EPSM,FALSE
EPSN,TRUE
EQ,TRUE
EQBK,TRUE
EQH,TRUE
EQIX,TRUE
EQPT,TRUE
EQR,TRUE
EQTEQT ,FALSE
EQX,TRUE
ERAS,TRUE
ERIE,TRUE
ERII,TRUE
ERNA,FALSE
EEROCE,FALSE
EROK,FALSE
ES,TRUE
ESABESAB ,FALSE
ESBA,FALSE
ESCA,TRUE
ESEESCO ,FALSE
ESEA,FALSE
ESI,TRUE
ESLA,FALSE
ESNT,TRUE
ESOA,FALSE
ESP,FALSE
ESQ,FALSE
ESRT,TRUE
ESS,TRUE
ESTA,TRUE
ESTC,TRUE
ET,TRUE
ETD,TRUE
ETN,TRUE
ETON,TRUE
ETO,FALSE
ETR,TRUE
ETS,FALSE
EETSS,FALSE
ETSY,TRUE
EUDA,FALSE
EURK,FALSE
EVACEQV ,FALSE
EVC,TRUE
EVCM,TRUE
EVER,TRUE
EVEX,TRUE
EVGN,FALSE
EVGOE,FALSE
EVH,TRUE
EVIEVI ,FALSE
EVLV,TRUE
EVMN,TRUE
EVOX,FALSE
EVR,TRUE
EVRG,TRUE
EVTC,TRUE
EVTL,TRUE
EW,TRUE
EWBC,TRUE
EWTX,TRUE
EXC,TRUE
EXE,TRUE
EXEL,TRUE
EXFY,TRUE
EXLS,TRUE
EXOD,FALSE
EXO,FALSE
EXP,TRUE
EXPD,TRUE
EXPE,TRUE
EXPO,TRUE
EXR,TRUE
EXTR,TRUE
EXYN,FALSE
EYE,TRUE
EYPT,TRUE
EZGOEZGO ,FALSE
"EZPWEZCORP, ",FALSE
EZRA,FALSE
F,TRUE
FA,TRUE
FABC,FALSE
FFAC,FALSE
FACTFACT II ,FALSE
FAF,TRUE
FAMI,FALSE
FANG,TRUE
FAST,TRUE
FATE,TRUE
FATN,FALSE
FBGLFBS ,FALSE
FBIN,TRUE
FBIO,TRUE
FBIZ,TRUE
FBKFB ,FALSE
FBLAFB ,FALSE
FBLG,FALSE
FBNC,TRUE
FBP,TRUE
FBRT,TRUE
FBRX,TRUE
FBYD,FALSE
FC,TRUE
FCAP,FALSE
FCBC,FALSE
FFCBM,FALSE
FCCO,FALSE
FCEL,TRUE
FCF,TRUE
FCFS,TRUE
FCHL,FALSE
FCNFTI ,FALSE
FCNCA,TRUE
FCPT,TRUE
FCRS,FALSE
FFCUV,FALSE
FCX,TRUE
FDBC,FALSE
FFDMM,FALSE
FDMT4D ,FALSE
FDS,TRUE
FDSB,FALSE
FDUS,TRUE
FDX,TRUE
FDXF,TRUE
FE,TRUE
FEAM5E ,FALSE
FEBO,FALSE
FEEDE,FALSE
FEIM,TRUE
FELE,TRUE
FFEMY,FALSE
FENC,TRUE
FERA,FALSE
FERG,TRUE
FET,TRUE
FF,TRUE
FFFAI,FALSE
FFBC,TRUE
FFIN,TRUE
"FFIVF5, ",FALSE
FGF&G ,FALSE
FGBI,FALSE
FGIFGI ,FALSE
FGIIFG ,FALSE
FGL,FALSE
FGNXFG ,FALSE
FHB,TRUE
FHI,TRUE
FHN,TRUE
FHTX,TRUE
FIBK,TRUE
FICO,TRUE
FIEE,FALSE
FIG,TRUE
FIGR,TRUE
"FIGSFIGS, ",FALSE
FIGXFIGX ,FALSE
FINW,FALSE
FIPFTAI ,FALSE
FIRY,TRUE
FIS,TRUE
FISI,TRUE
FFISN,FALSE
FISV,TRUE
FITB,TRUE
FIVE,TRUE
FIVN,TRUE
FIX,TRUE
FIZZ,TRUE
FJET,TRUE
FKWL,TRUE
FLD,TRUE
FLEX,TRUE
FLG,TRUE
FLGT,TRUE
FLL,TRUE
FLNA,TRUE
FLNC,TRUE
FLNGFLEX LNG ,FALSE
FLNT,FALSE
FLO,TRUE
FLOC,FALSE
FLR,TRUE
FLS,TRUE
FLUT,TRUE
FLUX,TRUE
"FLWS1-800-FLOWERS.COM, ",FALSE
FLXS,FALSE
FLY,TRUE
FLYE,FALSE
FLYW,TRUE
FLY,TRUE
FLZH,TRUE
FMAC,FALSE
FMAO,TRUE
FMBH,TRUE
FMCFMC ,FALSE
FMFC,FALSE
FMNB,TRUE
FN,TRUE
FNBF.N.B. ,FALSE
FND,TRUE
FNF,TRUE
FNGR,TRUE
FNKO,TRUE
FNLC,TRUE
FNRN,FALSE
FNUC,FALSE
FNWB,FALSE
FNWD,FALSE
FOA,TRUE
FOFO,FALSE
FOR,TRUE
FORM,TRUE
FORR,TRUE
FOSL,TRUE
FOUR,TRUE
FOX,TRUE
FOXF,TRUE
FOXX,FALSE
FPH,TRUE
FPI,TRUE
FPS,TRUE
FR,TRUE
FRAF,FALSE
FRBA,TRUE
FFRBT,FALSE
FRD,FALSE
FRGT,FALSE
FRHC,TRUE
FRME,TRUE
FRMI,TRUE
FRMM,TRUE
FFRNM,FALSE
FRO,TRUE
FROGJ,FALSE
FRPHFRP ,FALSE
FRPT,TRUE
FRSH,TRUE
FRST,TRUE
FRT,TRUE
FRVO,TRUE
FSBC,TRUE
FSBWFS ,FALSE
FSEA,FALSE
FSI,FALSE
FSKFS KKR ,FALSE
FSLR,TRUE
FSLY,TRUE
FSP,TRUE
FSS,TRUE
FSTRL.B. ,FALSE
FSUN,TRUE
FTAIFTAI ,FALSE
FTCIFTC ,FALSE
FTDR,TRUE
FTEK,TRUE
FFTFT,FALSE
FTH,FALSE
FFTHA,FALSE
FTHM,TRUE
FTI,TRUE
FTK,TRUE
FTLF,FALSE
FTNT,TRUE
FFTRA,FALSE
FTRE,TRUE
FTRKFAST TRACK GROUP,FALSE
FTV,TRUE
FTW,TRUE
FUBO,TRUE
FUFU,FALSE
FULH. B. ,FALSE
FULC,TRUE
FULT,TRUE
FUN,TRUE
FUNC,FALSE
FUSB,FALSE
FUSE,FALSE
FVAV,FALSE
FVCBFVC,FALSE
FVN,FALSE
FVR,FALSE
FVRR,TRUE
FFWAC,FALSE
FWDI,TRUE
FWONA,TRUE
FWRD,TRUE
FWRG,TRUE
FFXAC,FALSE
FFXHOU,FALSE
FXNC,FALSE
G,TRUE
GABC,TRUE
GAIA,TRUE
GAIN,TRUE
GALT,TRUE
GAME,FALSE
GANX,TRUE
GAP,TRUE
GASS,TRUE
GATXGATX ,FALSE
GAUZ,FALSE
GBCI,TRUE
GBDC,TRUE
GBFHG,FALSE
GBLI,FALSE
GBR,FALSE
GBTG,TRUE
GBX,TRUE
GCBC,FALSE
GCDT,FALSE
GGCGR,FALSE
GCLGCL ,FALSE
GCMGGCM ,FALSE
GCO,TRUE
GCT,TRUE
GCTK,FALSE
GCTSGCT ,FALSE
GD,TRUE
GGDCGD ,FALSE
GDDY,TRUE
GDEVGDEV ,FALSE
GDHG,FALSE
GDOT,TRUE
GDRX,TRUE
GDTC,FALSE
GDYN,TRUE
GEGE ,FALSE
GECC,FALSE
GEF,TRUE
GEG,FALSE
GEHCGE ,FALSE
GEL,TRUE
GELS,FALSE
GEMI,TRUE
GEN,TRUE
GENB,FALSE
GENC,TRUE
GENI,TRUE
GENKGEN ,FALSE
GEO,TRUE
GEOS,TRUE
GERN,TRUE
GETY,TRUE
GEVGE ,FALSE
GEVO,TRUE
GFAI,FALSE
GFF,TRUE
GFS,TRUE
GGFUZ,FALSE
GGG,TRUE
GGR,TRUE
GGRP,TRUE
GH,TRUE
GHC,FALSE
GHI,TRUE
GHM,TRUE
GHRSGH ,FALSE
G,TRUE
GGIBOGIBO ,FALSE
GIC,TRUE
GIFT,FALSE
GIGM,FALSE
GIIIG-III ,FALSE
GILD,TRUE
GILT,TRUE
GGIPR,FALSE
GIS,TRUE
GITS,FALSE
GIW,FALSE
GIX,FALSE
GKOS,TRUE
GL,TRUE
GLAD,TRUE
GLBE,TRUE
GLBS,TRUE
GLE,FALSE
GLED,FALSE
GLIBA,FALSE
GLMD,FALSE
GLND,TRUE
GLNG,TRUE
GLOB,TRUE
GLOO,TRUE
GLP,TRUE
GLPI,TRUE
GLRE,TRUE
GLSI,FALSE
GLUE,TRUE
GLW,TRUE
GLXG,FALSE
GLXY,TRUE
GM,TRUE
GME,TRUE
GMED,TRUE
GMEX,FALSE
GMHS,FALSE
GGMM,FALSE
GMRSGMR ,FALSE
GNE,TRUE
GNK,TRUE
GNL,TRUE
GNLN,FALSE
GNLX,TRUE
GGNPX,FALSE
GNRC,TRUE
GNS,FALSE
GNSS,TRUE
GNTX,TRUE
GNW,TRUE
GO,TRUE
GOAI,FALSE
GOGO,TRUE
GOLD,TRUE
GOLF,TRUE
GOOD,TRUE
GOOG,TRUE
GOSS,TRUE
GOVX,FALSE
GP,FALSE
GPAC,FALSE
GPATGP-,FALSE
GPC,TRUE
"GPGIGPGI, ",FALSE
GPI,TRUE
GPK,TRUE
GPMT,TRUE
GPN,TRUE
GPOR,TRUE
GPRE,TRUE
GPRK,TRUE
GPRO,TRUE
GPUS,FALSE
GRAB,TRUE
"GRALGRAIL, ",FALSE
GRAN,FALSE
GRBK,TRUE
GRC,TRUE
GRCE,TRUE
GRDN,TRUE
GRDX,FALSE
GRIGRI ,FALSE
GRML,FALSE
GRMN,TRUE
GRND,TRUE
GGRNQ,FALSE
GRNT,TRUE
GRO,TRUE
GROV,TRUE
GROWU.S. ,FALSE
GROY,TRUE
GRPN,TRUE
GRRR,TRUE
GRSD,TRUE
GRWG,TRUE
GS,TRUE
GSAT,TRUE
GSBC,TRUE
GSBD,TRUE
GSHD,TRUE
GSHR,FALSE
GSITGSI ,FALSE
GSIW,FALSE
GSL,TRUE
GSM,TRUE
GSRFGSR IV ,FALSE
GGSRVGSR V ,FALSE
GSUN,FALSE
GT,TRUE
GTBPGT ,FALSE
GTE,TRUE
GTEC,FALSE
GTEN,FALSE
GTERA,FALSE
GGTES,FALSE
GTIM,TRUE
GTLB,TRUE
GTM,TRUE
GTN,TRUE
GTX,TRUE
GTY,TRUE
GGUAC,FALSE
GURE,FALSE
GUTS,FALSE
GVA,TRUE
GVH,FALSE
GWAV,FALSE
GWHESS ,FALSE
GWRE,TRUE
GWRS,TRUE
GWWW.W. ,FALSE
GXAI,FALSE
GXOGXO ,FALSE
GYGY,FALSE
GYRE,TRUE
GYRO,FALSE
H,TRUE
HACQHCM IV ,FALSE
HAE,TRUE
HAFC,TRUE
HAIN,TRUE
HAL,TRUE
HALO,TRUE
HAO,FALSE
HAPN,TRUE
HAS,TRUE
HASIHA ,FALSE
HAVA,FALSE
HAWK,TRUE
HAYW,TRUE
HBAN,TRUE
HBB,TRUE
HBCP,TRUE
HBIO,FALSE
HBNB,FALSE
HBNC,TRUE
HBTHBT ,FALSE
HCAHCA ,FALSE
HCAC,FALSE
HCAI,FALSE
HCAT,TRUE
HCC,TRUE
HCIHCI ,FALSE
HCIC,FALSE
HCKT,TRUE
HCMAHCM III ,FALSE
HCSG,TRUE
HCTI,FALSE
HHCWBHCW ,FALSE
HCWC,FALSE
HD,TRUE
HDRN,FALSE
HDSN,TRUE
HE,TRUE
HEI,TRUE
HELE,TRUE
HESM,TRUE
HFBL,FALSE
HFFGHF ,FALSE
HFWA,TRUE
HG,TRUE
HGBL,FALSE
HGTY,TRUE
HGV,TRUE
HHH,TRUE
HHS,FALSE
HIFS,FALSE
HIG,TRUE
HIHO,FALSE
HII,TRUE
HIMS,TRUE
HIND,FALSE
HIPO,TRUE
HIT,FALSE
HIW,TRUE
HHKIT,FALSE
HKPD,FALSE
HL,TRUE
HLF,TRUE
HLI,TRUE
HLIO,TRUE
HLIT,TRUE
HLLY,TRUE
HLMN,TRUE
HLNE,TRUE
HLP,FALSE
HLT,TRUE
HLX,TRUE
HLXC,FALSE
HMHHMH ,FALSE
HMN,TRUE
HMR,FALSE
HNGE,TRUE
HNIHNI ,FALSE
HNNA,FALSE
HNRG,TRUE
HNST,TRUE
HNVR,FALSE
HODO,FALSE
HOFT,TRUE
HOG,TRUE
HOLO,FALSE
HOMB,TRUE
HHON,FALSE
HHONA,FALSE
HOOD,TRUE
HOPE,TRUE
HOUR,FALSE
HOV,FALSE
HOVR,FALSE
HOWL,TRUE
HP,TRUE
HPAI,FALSE
HPE,TRUE
HPK,TRUE
HPP,TRUE
HPQHP ,FALSE
HQ,TRUE
HQI,FALSE
HQY,TRUE
HR,TRUE
HRBH&R ,FALSE
HRI,TRUE
HRL,TRUE
HRMY,TRUE
HROW,TRUE
HRTG,TRUE
HRTX,TRUE
HRZN,TRUE
HSCS,FALSE
HSDT,TRUE
HSIC,TRUE
HST,TRUE
HSTM,TRUE
HSY,TRUE
HTB,TRUE
HTCO,FALSE
HTCR,FALSE
HTFL,TRUE
HTGC,TRUE
HTH,TRUE
HTLD,TRUE
HTLM,FALSE
HTOH2O ,FALSE
HTOO,FALSE
HTZ,TRUE
HUBB,TRUE
HUBC,FALSE
HUBG,TRUE
HUBS,TRUE
HUDI,FALSE
HUHUHUHUTECH ,FALSE
HUM,TRUE
HUMA,TRUE
HUN,TRUE
HURA,FALSE
HURC,FALSE
HURN,TRUE
HUT,TRUE
HVII,FALSE
HVMC,FALSE
HVT,TRUE
HWBK,FALSE
HWC,TRUE
HWHHWH ,FALSE
HWKN,TRUE
HWM,TRUE
HXHX,FALSE
HXL,TRUE
HY,TRUE
HYFM,FALSE
HYFT,TRUE
HYLN,TRUE
HYMC,TRUE
HYNE,FALSE
HYPD,FALSE
HYPR,TRUE
HZO,TRUE
IACO,FALSE
IIACQ,FALSE
IART,TRUE
IBACIB ,FALSE
IBCP,TRUE
IBEXIBEX ,FALSE
IBG,FALSE
IBI,FALSE
IBKR,TRUE
IBM,TRUE
IBO,FALSE
IBOC,TRUE
IBP,TRUE
IBRX,TRUE
IBTA,TRUE
ICCC,FALSE
ICCM,FALSE
ICE,TRUE
ICFIICF ,FALSE
ICHR,TRUE
ICLRICON,FALSE
ICMB,TRUE
ICON,FALSE
ICU,FALSE
ICUIICU ,FALSE
"IDAIDACORP, ",FALSE
IIDAC,FALSE
IDAIT ,FALSE
IDCC,TRUE
IDN,TRUE
IDR,TRUE
IDTIDT ,FALSE
IDXXIDEXX ,FALSE
IDYAIDEAYA ,FALSE
IE,TRUE
IEAG,FALSE
IEP,TRUE
IESCIES ,FALSE
IEXIDEX ,FALSE
IFBD,FALSE
IFF,TRUE
IFRX,TRUE
IFS,FALSE
IGAC,FALSE
IGCIGC ,FALSE
IGIC,TRUE
IHR,FALSE
IHSIHS ,FALSE
IHT,FALSE
III,TRUE
IIIN,TRUE
III,TRUE
IIPR,TRUE
IKT,FALSE
ILAG,FALSE
IILLR,FALSE
ILLU,FALSE
ILMN,TRUE
ILPT,TRUE
IMA,FALSE
IMAX,TRUE
IIMCIMC ,FALSE
IMCCIM ,FALSE
IMDX,TRUE
IMKTA,TRUE
IMMR,TRUE
IMMX,TRUE
IMNM,TRUE
IMNN,FALSE
IMPP,TRUE
IMRX,TRUE
IMSR,TRUE
IMTE,FALSE
IMTX,TRUE
IMUX,TRUE
IMVT,TRUE
IMXI,TRUE
INABIN,FALSE
INAC,FALSE
INBK,TRUE
INBS,FALSE
INBX,TRUE
INCY,TRUE
INDB,TRUE
IND,FALSE
INDO,FALSE
INDP,FALSE
INDV,TRUE
INEOINNEOVA ,FALSE
INFQ,TRUE
INFU,TRUE
INGM,TRUE
INGN,TRUE
INGR,TRUE
INHD,FALSE
INIOINNIO N.V.,FALSE
INKT,FALSE
I,FALSE
INLX,FALSE
INM,FALSE
INMBI,FALSE
INMD,TRUE
INN,TRUE
INNV,TRUE
INO,TRUE
INOD,TRUE
INR,TRUE
INSE,TRUE
INSG,TRUE
INSM,TRUE
INSP,TRUE
INSW,TRUE
INTA,TRUE
INTC,TRUE
INTG,FALSE
INTJ,FALSE
INTR,TRUE
INTS,FALSE
INT,FALSE
INTU,TRUE
INTZ,FALSE
INUV,FALSE
INV,TRUE
INVA,TRUE
INVE,TRUE
INVH,TRUE
INVX,TRUE
INVZ,TRUE
IIOND,FALSE
IONQ,TRUE
IONS,TRUE
IOR,FALSE
IOSP,TRUE
IOT,TRUE
IOT,TRUE
IOVA,TRUE
IP,TRUE
IPAR,TRUE
IPCX,FALSE
IPDN,FALSE
IPEX,FALSE
IPFX,FALSE
IPGPIPG ,FALSE
IPI,TRUE
IPM,FALSE
IPSC,TRUE
IPSTIP ,FALSE
IIPVV,FALSE
IIP,FALSE
IPWR,TRUE
IQS,FALSE
IQVIQVIA ,FALSE
IR,TRUE
IRD,TRUE
IRDM,TRUE
IRENIREN ,FALSE
IRHO,FALSE
IRIXIRIDEX ,FALSE
IRM,TRUE
IRM,TRUE
IRON,TRUE
IRT,TRUE
IRT,TRUE
IRWD,TRUE
ISBA,FALSE
IISNR,FALSE
ISP,FALSE
ISPR,TRUE
ISRG,TRUE
ISSC,TRUE
ISTR,FALSE
IT,TRUE
"ITGITG, ",FALSE
ITGR,TRUE
ITHAITHAX ,FALSE
ITIC,FALSE
ITO,FALSE
ITPIT ,FALSE
ITRI,TRUE
ITRN,TRUE
ITTITT ,FALSE
ITW,TRUE
IVDA,FALSE
IVFINVO ,FALSE
IVRINVESCO MORTGAGE CAPITAL INC,FALSE
IVT,TRUE
IVVD,TRUE
IVZ,TRUE
IXHL,TRUE
IZEAIZEA ,FALSE
IZMICZOOM ,FALSE
J,TRUE
JJABJAB ,FALSE
JACK,TRUE
JACS,FALSE
JAGU,FALSE
JAGX,FALSE
JAKKJAKKS ,FALSE
JAN,TRUE
JANX,TRUE
JATTJATT II ,FALSE
JAZZ,TRUE
JJBDIJBDI ,FALSE
JBGSJBG SMITH ,FALSE
JBHTJ.B. ,FALSE
JBI,TRUE
JBIO,TRUE
JBL,TRUE
JBLU,TRUE
JBS,TRUE
JBSS,TRUE
JBTMJBT ,FALSE
JCAP,FALSE
JCI,TRUE
JCSEJE ,FALSE
JCTC,FALSE
JDZGJIADE LIMITE,FALSE
JEF,TRUE
JELDJELD-WEN ,FALSE
JJEM707 ,FALSE
JENA,FALSE
JFBJFB ,FALSE
JHX,TRUE
JILLJ. ,FALSE
JJSFJ & J ,FALSE
JKHY,TRUE
JLJ-,FALSE
JLHL,FALSE
JLL,TRUE
JJMKE,FALSE
JMSB,TRUE
JNJ,TRUE
JOBGEE ,FALSE
JOBY,TRUE
JOE,TRUE
JOUT,FALSE
JPMJP ,FALSE
JRSH,FALSE
JRVR,TRUE
JSPR,TRUE
JTAI,FALSE
JJUNS,FALSE
JVA,FALSE
JWEL,FALSE
JXGJX ,FALSE
JXN,TRUE
JYD,FALSE
JYNT,TRUE
JZXN,FALSE
KAI,TRUE
"KALAKALA BIO, ",FALSE
KALU,TRUE
KAPA,FALSE
KKARD,FALSE
KARO,FALSE
KAZR,FALSE
KBDC,FALSE
KBHKB ,FALSE
KBON,FALSE
"KBRKBR, ",FALSE
KBSXFST ,FALSE
KCHV,FALSE
KD,TRUE
KDK,TRUE
KDP,TRUE
KE,TRUE
KEEL,TRUE
KELYA,TRUE
KEN,TRUE
KEQU,FALSE
KEX,TRUE
KEY,TRUE
KEYS,TRUE
KKEYY,FALSE
KFFB,FALSE
KFIIK&F ,FALSE
KFRC,TRUE
KFY,TRUE
KG,FALSE
KGS,TRUE
KHC,TRUE
KIDS,TRUE
KIDZKIDZ AI ,FALSE
KIM,TRUE
KINS,TRUE
KITT,FALSE
KKRKKR & ,FALSE
KLACKLA ,FALSE
KLAR,TRUE
KLC,TRUE
KLIC,TRUE
KLRA,FALSE
KLRS,FALSE
KLTR,TRUE
KLXEKLX ,FALSE
KMB,TRUE
KMDA,TRUE
KMI,TRUE
KMPR,TRUE
KMRKK-,FALSE
KMT,TRUE
KMTS,FALSE
KMX,TRUE
KN,TRUE
KNDI,TRUE
KNF,TRUE
KNOPKNOT ,FALSE
KNRXKNOREX LTD.,FALSE
KNSA,TRUE
KNSL,TRUE
KNTK,TRUE
KNX,TRUE
KO,TRUE
KOD,TRUE
KODK,TRUE
KOP,TRUE
KOPN,TRUE
KOS,TRUE
KOSS,FALSE
KOYNCSLM ,FALSE
KPLT,FALSE
KPRX,FALSE
KPTI,TRUE
KR,TRUE
KRAQKRA,FALSE
KRC,TRUE
KREFKKR ,FALSE
KRG,TRUE
KRMDKORU ,FALSE
KRMN,TRUE
KRNT,TRUE
KRNY,TRUE
KRO,TRUE
KROS,TRUE
KRP,TRUE
KRRO,TRUE
KRSP,FALSE
KRT,FALSE
KRUS,FALSE
KRYS,TRUE
KSCP,FALSE
KSS,TRUE
KTB,TRUE
KTCC,TRUE
KTOS,TRUE
KTTA,FALSE
KTWOK2 ,FALSE
KULRKULR ,FALSE
KURA,TRUE
KUST,FALSE
KVHIKVH ,FALSE
KVUE,TRUE
KVYO,TRUE
KKWMK ,FALSE
KWR,TRUE
KWY,TRUE
KXIN,FALSE
KYIV,TRUE
KYMR,TRUE
KYNB,TRUE
KYTX,TRUE
L,TRUE
LAB,TRUE
LABT,FALSE
LAC,TRUE
LAD,TRUE
LADR,TRUE
LAESSEALSQ ,FALSE
LAFA,FALSE
LAKE,TRUE
LAMR,TRUE
LAND,TRUE
LANV,FALSE
LAR,TRUE
LARK,FALSE
LASE,TRUE
LAS,FALSE
LATA,FALSE
LAUR,TRUE
LAWCS ,FALSE
LAZ,TRUE
LB,TRUE
LLBGJ,FALSE
LBRDA,TRUE
LBRT,TRUE
LBRXLB ,FALSE
LBTYA,TRUE
LCCC,FALSE
LCFY,FALSE
LCID,TRUE
LCIILCI ,FALSE
LCLN,FALSE
LCNBLCNB ,FALSE
LCTX,TRUE
LCUT,TRUE
LD,FALSE
LDOS,TRUE
LE,TRUE
LEA,TRUE
LECO,TRUE
LEDS,FALSE
LEE,FALSE
LEG,TRUE
LEGH,TRUE
LEGO,FALSE
LEN,TRUE
LENZLENZ ,FALSE
LESL,TRUE
LEU,TRUE
LEVI,TRUE
LLEXX,FALSE
LFAC,FALSE
LFCR,TRUE
LFMD,TRUE
LFST,TRUE
LFT,FALSE
LFTO,TRUE
LFUS,TRUE
LFVN,TRUE
LFWD,FALSE
LGCL,FALSE
LGCY,FALSE
LGIHLGI ,FALSE
LGLLGL ,FALSE
LGN,TRUE
LGND,TRUE
LGPS,FALSE
LGVN,FALSE
LH,TRUE
LHAI,FALSE
LLHSW,FALSE
LHXL3,FALSE
LICN,FALSE
LIDRA,FALSE
LIEN,FALSE
LIF,TRUE
LIFE,FALSE
LII,TRUE
LILA,TRUE
LIME,FALSE
LIMN,FALSE
LIN,TRUE
LINC,TRUE
LIND,TRUE
LINE,TRUE
LINK,FALSE
LION,TRUE
LIQT,FALSE
LITE,TRUE
LITS,TRUE
LIVE,FALSE
LIVN,TRUE
LKFN,TRUE
LKQLKQ ,FALSE
LKSP,FALSE
LLY,TRUE
LLYVA,TRUE
LMAT,TRUE
LMB,TRUE
LMND,TRUE
LMNR,TRUE
LMRI,FALSE
LMT,TRUE
LNAI,TRUE
LNC,TRUE
LNG,TRUE
LNKS,FALSE
LNN,TRUE
"LNSRLENSAR, ",FALSE
LNT,TRUE
LNTH,TRUE
LNZA,TRUE
LOAN,TRUE
LOAR,TRUE
LOB,TRUE
LOBO,FALSE
LOCL,FALSE
LOCO,TRUE
LODE,TRUE
LONA,FALSE
LOOP,TRUE
LOPE,TRUE
LOVE,TRUE
LOW,TRUE
LPA,FALSE
LPAA,FALSE
LPBB,FALSE
LPCN,FALSE
LPCV,FALSE
LPG,TRUE
LPLALPL ,FALSE
LPSN,TRUE
LPTH,TRUE
LPX,TRUE
LQDA,TRUE
LQDT,TRUE
LRCX,TRUE
LRHC,FALSE
LRMR,TRUE
LRN,TRUE
LSAK,TRUE
LSBK,FALSE
LSCC,TRUE
LSE,FALSE
LSF,FALSE
LSTA,FALSE
LSTR,TRUE
LTBR,TRUE
LTCLTC ,FALSE
LLTGO,FALSE
LLTGR,FALSE
LTH,TRUE
LTRN,TRUE
LTRX,TRUE
LUCD,FALSE
LUCK,TRUE
LUCY,FALSE
LUD,FALSE
LUL,FALSE
LUMN,TRUE
LUNG,TRUE
LUNR,TRUE
LUV,TRUE
LVLU,FALSE
LVO,TRUE
LVS,TRUE
LVWR,TRUE
LW,TRUE
LWAC,FALSE
LWAY,TRUE
LWLG,TRUE
LXEO,TRUE
LXFR,TRUE
LXPLXP ,FALSE
LXRX,TRUE
LXULSB ,FALSE
LYB,TRUE
LYEL,TRUE
LYFT,TRUE
LYTSLSI ,FALSE
LYV,TRUE
LZ,TRUE
LZB,TRUE
LZM,TRUE
LZMHLZ ,FALSE
M,TRUE
MA,TRUE
MAA,TRUE
MAAS,FALSE
MAC,TRUE
MACI,FALSE
MAGN,TRUE
MAIAMAIA ,FALSE
MAIN,TRUE
MAIR,TRUE
MAMA,TRUE
MAMO,FALSE
MAN,TRUE
MANE,TRUE
MANH,TRUE
MANU,TRUE
MAR,TRUE
MARAMARA ,FALSE
MARPS,FALSE
MAS,TRUE
MASK3 E ,FALSE
MASS908 ,FALSE
MAT,TRUE
MATH,FALSE
MATV,TRUE
MATW,TRUE
MATX,TRUE
MAX,TRUE
MAYSJ. W. ,FALSE
MAZE,TRUE
MB,FALSE
MBAI,FALSE
MBBC,FALSE
MBC,TRUE
MMBGL,FALSE
MBIMBIA ,FALSE
MBIN,TRUE
MBIO,FALSE
MBLY,TRUE
MBOT,TRUE
MBRX,FALSE
MBUU,TRUE
MBVIM3-,FALSE
MBWM,TRUE
MBXMBX ,FALSE
MC,TRUE
MMCAH,FALSE
MCB,TRUE
MCBS,TRUE
MCD,TRUE
MCFT,TRUE
MCGA,TRUE
MCHB,TRUE
MCHP,TRUE
MCHX,TRUE
MCK,TRUE
MCO,TRUE
MCRB,TRUE
MCRI,TRUE
MCRP,FALSE
MCS,TRUE
MCY,TRUE
MD,TRUE
MDAI,FALSE
MDB,TRUE
MDBHMDB ,FALSE
MDCX,FALSE
MDGL,TRUE
MDIA,FALSE
MDLN,TRUE
MDLZ,TRUE
MDRR,FALSE
MDT,TRUE
MDUMDU ,FALSE
MDWD,TRUE
MDXG,TRUE
MDXHM,FALSE
MEC,TRUE
MED,TRUE
MEDP,TRUE
MEDS,FALSE
MEGL,FALSE
MEI,TRUE
MELI,TRUE
MENS,TRUE
MERC,TRUE
MESH,FALSE
MET,TRUE
META,TRUE
METC,TRUE
MEVOM ,FALSE
MF,FALSE
MFAMFA ,FALSE
MF,FALSE
MFIC,TRUE
MFIN,TRUE
MMFP,FALSE
MG,TRUE
MGEEMGE ,FALSE
MGIH,FALSE
MGLD,FALSE
MGMMGM ,FALSE
MGN,FALSE
MGNI,TRUE
MGNX,TRUE
MGPIMGP ,FALSE
MGRC,TRUE
MGRT,FALSE
MGRX,FALSE
MGTX,TRUE
MGX,FALSE
MGY,TRUE
MGYR,FALSE
MH,TRUE
MHH,FALSE
MHK,TRUE
MHOM/I ,FALSE
MINFT ,FALSE
MIAX,TRUE
MIDD,TRUE
MIMI,FALSE
MINDMIND ,FALSE
MIR,TRUE
MIRAMIRA ,FALSE
MIRM,TRUE
MIST,TRUE
MITK,TRUE
MITQ,FALSE
MITTTPG ,FALSE
MKC,TRUE
MKDWMKDWELL ,FALSE
MKL,TRUE
MKLY,FALSE
MKSIMKS ,FALSE
MKTW,FALSE
MKTX,TRUE
MKZR,FALSE
MLAA,FALSE
MLAB,FALSE
MLCI,FALSE
MLEC,FALSE
MLGO,FALSE
MLI,TRUE
MLKN,TRUE
MLM,TRUE
MLP,FALSE
MLR,TRUE
MLSS,TRUE
MLTX,TRUE
MLYS,TRUE
MMA,FALSE
MMED,TRUE
MMI,TRUE
MMLP,TRUE
MMM3M ,FALSE
MMS,TRUE
MMSI,TRUE
MMTX,FALSE
MMYT,TRUE
MNDOMIND C.T.I. ,FALSE
MMNDR,FALSE
MND,FALSE
MNKD,TRUE
MNOV,TRUE
MNPR,FALSE
MNR,TRUE
MNRO,TRUE
MNSB,FALSE
MNST,TRUE
MNTK,TRUE
"MNTNMNTN, ",FALSE
MNTS,TRUE
MNY,TRUE
MO,TRUE
MOB,TRUE
MOBI,FALSE
MOBX,FALSE
MOD,TRUE
MODD,FALSE
MOG.A,FALSE
MOH,TRUE
MORN,TRUE
MOS,TRUE
MOV,TRUE
MOVE,FALSE
MPMP ,FALSE
MPAA,TRUE
MPB,TRUE
MPC,TRUE
MPLT,TRUE
MPLX,TRUE
MPT,TRUE
MPTIM,FALSE
MPU,FALSE
MPWR,TRUE
MMQ,FALSE
MRAM,TRUE
MRBK,FALSE
MRCY,TRUE
MRDN,TRUE
MRK,TRUE
MRKR,FALSE
MRLN,TRUE
MRNA,TRUE
MRNO,FALSE
MRP,TRUE
MRSH,TRUE
MRT,FALSE
MRTN,TRUE
MRVI,TRUE
MRVL,TRUE
MMRX,FALSE
MS,TRUE
MSAMSA ,FALSE
MSAI,FALSE
MSB,TRUE
MSBI,TRUE
MSCIMSCI ,FALSE
MSDL,TRUE
MSEX,TRUE
MSFT,TRUE
MSGE,TRUE
MSGM,FALSE
MSGS,TRUE
MMSGY,FALSE
MSI,TRUE
MSIFMSC ,FALSE
MSMMSC ,FALSE
MSN,FALSE
MMSS,FALSE
MSTR,TRUE
MTAL,FALSE
MTBM&T ,FALSE
MTCMM,FALSE
MTCH,TRUE
MTD,TRUE
MTDR,TRUE
MTEK,FALSE
MTEN,FALSE
MTESTNYSE ,FALSE
MTEX,FALSE
MTGMGIC ,FALSE
MTH,TRUE
MTN,TRUE
MTNB,FALSE
MMTNECH4 ,FALSE
MTR,FALSE
MTRN,TRUE
MTRX,TRUE
MTSIMACOM ,FALSE
MTUS,TRUE
MTVA,FALSE
MTW,TRUE
MTX,TRUE
MTZ,TRUE
MU,TRUE
MUR,TRUE
MUSA,TRUE
MUX,TRUE
MUZE,FALSE
MVBFMVB ,FALSE
MMVIS,FALSE
MVST,TRUE
MWAMUELLER WATER PRODUCTS,FALSE
MWG,FALSE
MWHSOLV ,FALSE
MWYN,FALSE
MX,TRUE
MXC,FALSE
MXCT,TRUE
MXL,TRUE
MYE,TRUE
MYFW,TRUE
MYGN,TRUE
MYO,TRUE
"MYPSPLAYSTUDIOS, ",FALSE
MYRGMYR ,FALSE
MYSE,FALSE
MYSZ,FALSE
MYX,FALSE
MZTI,TRUE
MZYXMOZAYYX ,FALSE
NA,TRUE
NABLN,FALSE
NAGE,TRUE
NAII,FALSE
NNAKA,FALSE
NAMM,FALSE
NAMS,TRUE
NAT,TRUE
NATH,FALSE
NATLNCR ,FALSE
NATR,TRUE
NAUT,TRUE
NAVI,TRUE
NAVN,TRUE
NB,TRUE
NBBKNB ,FALSE
NBHC,TRUE
NBIS,TRUE
NBIX,TRUE
NBN,FALSE
NBR,TRUE
NBRG,FALSE
NBTBNBT ,FALSE
NCNACCO ,FALSE
NCDL,FALSE
NCEL,FALSE
NCEW,FALSE
NCI,FALSE
NCLH,TRUE
NCMI,TRUE
NCN,FALSE
NNCO,FALSE
NCPL,FALSE
NNCRA,FALSE
NCSMNCS ,FALSE
NCT,FALSE
NDAQ,TRUE
NDLS,FALSE
NDRAENDRA ,FALSE
NDSN,TRUE
NE,TRUE
NECB,TRUE
NEE,TRUE
NEGG,FALSE
NEM,TRUE
NEO,TRUE
NEOG,TRUE
NEON,TRUE
NEOV,TRUE
NEPH,FALSE
NERV,TRUE
NESR,TRUE
NET,TRUE
NEU,TRUE
NEUP,FALSE
NEWT,TRUE
NEXA,TRUE
NEXN,TRUE
NEXR,FALSE
NEXT,TRUE
NFE,TRUE
NFG,TRUE
NFLX,TRUE
NG,TRUE
NGEN,TRUE
NGL,TRUE
NGNE,TRUE
NGS,TRUE
NGVC,TRUE
NGVT,TRUE
NHC,TRUE
NHI,TRUE
NHIC,FALSE
NNHIV,FALSE
NHP,TRUE
NHTC,TRUE
NI,TRUE
NIC,TRUE
NNIKI,FALSE
NINE,FALSE
NIQNIQ ,FALSE
NNIVF,FALSE
NIXX,FALSE
NJR,TRUE
NKE,TRUE
NKLR,TRUE
NKSH,FALSE
NKTR,TRUE
NKTX,TRUE
NLNLI ,FALSE
NLOP,TRUE
NLY,TRUE
NMAD,TRUE
NMAX,TRUE
NMFC,TRUE
NMIHNMI ,FALSE
NMM,TRUE
NMPNMP ,FALSE
NMRA,TRUE
NMRK,TRUE
NMTC,TRUE
NN,TRUE
"NNBRNN, ",FALSE
NNE,TRUE
NNI,TRUE
"NNNNNN REIT, ",FALSE
NNNN,FALSE
N,FALSE
NNVC,TRUE
NOC,TRUE
NODKNI ,FALSE
NOEMCO2 ,FALSE
NOG,TRUE
NOMANOMADAR ,FALSE
NOMD,TRUE
NOVNOV ,FALSE
NOVT,TRUE
NOW,TRUE
NP,TRUE
NPAC,FALSE
NPB,FALSE
NPCE,TRUE
NPK,FALSE
NPKINPK ,FALSE
NPO,TRUE
NPT,FALSE
NPWRNET ,FALSE
NRCNRC ,FALSE
NRDS,TRUE
NRDY,TRUE
NREF,TRUE
NRGNRG ,FALSE
NRGV,TRUE
NRIM,TRUE
NRIX,TRUE
NRP,TRUE
NRSN,FALSE
NRT,TRUE
NRXPNRX ,FALSE
NRXS,TRUE
NSC,TRUE
NSIT,TRUE
NSLR,TRUE
NSP,TRUE
NSPR,TRUE
NSRX,FALSE
NSSCNAPCO ,FALSE
NSTSNSTS ,FALSE
NSYS,FALSE
NTAP,TRUE
NTB,TRUE
N,FALSE
NTCT,TRUE
"NTGRNETGEAR, ",FALSE
NTHI,FALSE
NTIC,FALSE
NTIP,FALSE
NTLA,TRUE
NTNX,TRUE
NTRA,TRUE
NTRB,FALSE
NTRP,FALSE
NTRS,TRUE
NTSK,TRUE
NTST,TRUE
NTWKNETSOL ,FALSE
NTWO,FALSE
NU,TRUE
NUAI,TRUE
NUCL,TRUE
NUE,TRUE
NUS,TRUE
NUTX,FALSE
NUVB,TRUE
NNUWE,FALSE
NNVA,FALSE
NVAX,TRUE
NVCR,TRUE
NVCT,TRUE
NVDANVIDIA ,FALSE
NVECNVE ,FALSE
NVGS,TRUE
NVMI,TRUE
NVNI,FALSE
NVN,FALSE
"NVRNVR, ",FALSE
NVRI,TRUE
NVST,TRUE
NV,FALSE
NVTS,TRUE
NWAX,FALSE
NWBI,TRUE
NWE,TRUE
NWFL,FALSE
NWL,TRUE
NWN,TRUE
NWPXNWPX ,FALSE
NWS,TRUE
NWTG,FALSE
NX,TRUE
NXB,FALSE
NXDR,TRUE
NXDT,TRUE
NXGL,FALSE
NXL,FALSE
NXPINXP ,FALSE
NXPL,FALSE
NXRT,TRUE
NXST,TRUE
NXT,TRUE
NXTC,FALSE
NXTS,FALSE
NNXTT,FALSE
NXXT,FALSE
NYC,FALSE
NYT,TRUE
O,TRUE
OABI,TRUE
OACC,FALSE
OBA,FALSE
OBAI,FALSE
OBDC,TRUE
OBIO,TRUE
OBK,TRUE
OBT,FALSE
OOBX,FALSE
OC,TRUE
OOCAC,FALSE
OCC,FALSE
OCFC,TRUE
OCG,FALSE
OCGN,TRUE
OCS,TRUE
OCSL,TRUE
OCTV,TRUE
OCUL,TRUE
ODC,FALSE
ODDODDITY ,FALSE
ODFL,TRUE
ODTX,FALSE
ODYS,FALSE
OEC,TRUE
OESX,FALSE
OOFALOFA ,FALSE
OFGOFG ,FALSE
OFIX,TRUE
OFLX,FALSE
OFRM,TRUE
OFSOFS ,FALSE
OGEOGE ,FALSE
OGEN,FALSE
OGN,TRUE
OGSONE ,FALSE
OOHAC,FALSE
OHI,TRUE
OIO-I ,FALSE
OII,TRUE
OIM,FALSE
OIOOIO ,FALSE
OIS,TRUE
"OKEONEOK, ",FALSE
OKLO,TRUE
OKTA,TRUE
OKUR,TRUE
OKYOOKYO ,FALSE
OLB,FALSE
OLED,TRUE
OLLI,TRUE
OLMA,TRUE
OLN,TRUE
OLOX,FALSE
OLP,TRUE
OM,TRUE
OMC,TRUE
OMCL,TRUE
OMDA,TRUE
OMER,TRUE
OMEX,TRUE
OMF,TRUE
OMH,FALSE
OMSEOMS ,FALSE
ONON ,FALSE
ONB,TRUE
ONCH1RT ,FALSE
ONCO,FALSE
ONCY,FALSE
ONDS,TRUE
ONEG,FALSE
ONEW,TRUE
OONFO,FALSE
ONIT,TRUE
ONL,TRUE
ONMD,FALSE
ONON,TRUE
ONT,TRUE
ONTO,TRUE
OOMA,TRUE
OOPAD,FALSE
OPALOPAL ,FALSE
OPBKOP ,FALSE
OPCH,TRUE
OPEN,TRUE
OPFI,TRUE
OPHC,FALSE
OOPI,FALSE
OPK,TRUE
"OPLNOPENLANE, ",FALSE
OPRT,TRUE
OPRX,TRUE
OPTT,TRUE
OPTU,TRUE
OPTX,TRUE
OPXS,FALSE
OPY,TRUE
ORA,TRUE
ORBS,TRUE
ORC,TRUE
ORCL,TRUE
ORGO,TRUE
ORI,TRUE
ORIC,TRUE
ORIQ,FALSE
ORKA,TRUE
ORKT,FALSE
ORLYO',FALSE
ORMP,TRUE
ORN,TRUE
ORRF,TRUE
OSBC,TRUE
OSCR,TRUE
OSG,TRUE
OSISOSI ,FALSE
OSK,TRUE
OSPN,TRUE
OSRHOSR ,FALSE
OSS,TRUE
OSTXOS ,FALSE
OSUR,TRUE
OSW,TRUE
OOTAI,FALSE
OTF,FALSE
OTGAOTG ,FALSE
OTIS,TRUE
OTLK,TRUE
OTTR,TRUE
OUST,TRUE
OUTOUTFRONT ,FALSE
OVBC,FALSE
OVID,TRUE
OVLY,FALSE
OVV,TRUE
OWL,TRUE
OWLSOBOOK ,FALSE
OWLT,TRUE
OXBR,FALSE
OXM,TRUE
OXSQ,TRUE
OXY,TRUE
OYSE,FALSE
OZ,FALSE
OZK,TRUE
P,TRUE
PAA,TRUE
PAAC,FALSE
PACB,TRUE
PACH,FALSE
PACK,TRUE
PACSPACS ,FALSE
PAG,TRUE
PAGP,TRUE
PAGS,TRUE
PAHC,TRUE
PAII,FALSE
PAL,TRUE
PALI,FALSE
PALO,FALSE
PAMT,FALSE
PANL,TRUE
PANW,TRUE
PAPL,FALSE
PARPAR ,FALSE
PARA,TRUE
PARK,FALSE
PARR,TRUE
PASG,FALSE
PPASW,FALSE
PATH,TRUE
PATK,TRUE
PAVMPA,FALSE
PPAVS,FALSE
PAX,TRUE
PAY,TRUE
PAYC,TRUE
PAYO,TRUE
PAYS,TRUE
PAYX,TRUE
PB,TRUE
PBAM,FALSE
PBFPBF ,FALSE
PBFS,FALSE
PBH,TRUE
PBHC,FALSE
PBI,TRUE
PPBLS,FALSE
PBM,FALSE
PBT,TRUE
PBYI,TRUE
PCAP,FALSE
PCARPACCAR ,FALSE
PCBPCB ,FALSE
PCG,TRUE
PCOR,TRUE
PCRX,TRUE
PCSA,FALSE
PCT,TRUE
PCTY,TRUE
PCVX,TRUE
PCYO,TRUE
PD,TRUE
PDEX,FALSE
PDFSPDF ,FALSE
PDLB,TRUE
PDM,TRUE
PDSBPDS ,FALSE
PDYN,TRUE
PEB,TRUE
PEBK,FALSE
PEBO,TRUE
PECE,FALSE
PECO,TRUE
PED,FALSE
PEG,TRUE
PEGA,TRUE
PEN,TRUE
PENG,TRUE
PENNPENN ,FALSE
PEP,TRUE
PEPG,TRUE
PERF,FALSE
PERI,TRUE
PESI,TRUE
PETS,TRUE
PETZTDH ,FALSE
PEW,TRUE
PFAI,FALSE
PFBC,TRUE
PFE,TRUE
PFG,TRUE
PFGC,TRUE
PFIS,FALSE
PFLT,TRUE
PFS,TRUE
PPFSA,FALSE
PFSI,TRUE
PFX,FALSE
PG,TRUE
PGAC,FALSE
PGC,TRUE
PGEN,TRUE
PGNY,TRUE
PGR,TRUE
PGY,TRUE
PH,TRUE
PHAT,TRUE
PHGE,FALSE
PHINPHINIA ,FALSE
PHIO,FALSE
PHM,TRUE
PHOE,FALSE
PHR,TRUE
PHUN,TRUE
PHVS,TRUE
PI,TRUE
PICS,FALSE
PII,TRUE
PIIIP3 ,FALSE
PINE,TRUE
PINS,TRUE
PIPR,TRUE
PJTPJT ,FALSE
PK,TRUE
PKBK,TRUE
PKE,TRUE
PKG,TRUE
PKOH,TRUE
PL,TRUE
PLAB,TRUE
PLAG,FALSE
PLAY,TRUE
PLBC,FALSE
PLBL,FALSE
PLBY,TRUE
PLCE,TRUE
PPLCI,FALSE
PLD,TRUE
PLGO,FALSE
PLMK,FALSE
PLMR,TRUE
PLNT,TRUE
PLOW,TRUE
PLPC,FALSE
PLRX,TRUE
PLRZ,FALSE
PLSE,TRUE
PLTK,TRUE
PLTR,TRUE
PLUG,TRUE
PPLUN,FALSE
PLUR,FALSE
PLU,FALSE
PLUT,FALSE
PLX,TRUE
PLXS,TRUE
PLYX,FALSE
PM,TRUE
PMA,FALSE
PMAX,FALSE
PMCB,TRUE
PMEC,FALSE
PPMI,FALSE
PMN,FALSE
PMT,TRUE
PMTR,FALSE
PMTSCPI ,FALSE
PMVPPMV ,FALSE
PNPN ,FALSE
PNBK,FALSE
PNCPNC ,FALSE
PNFP,TRUE
PNNT,TRUE
PNR,TRUE
PNRG,FALSE
PNTG,TRUE
PNW,TRUE
POAS,FALSE
POCI,FALSE
PODC,FALSE
PODD,TRUE
POETPOET ,FALSE
POLA,FALSE
POLE,FALSE
PONO,FALSE
POOL,TRUE
POR,TRUE
POST,TRUE
POWI,TRUE
POWL,TRUE
POWW,TRUE
PPC,TRUE
PPCB,FALSE
PPGPPG ,FALSE
PPIH,TRUE
PPLPPL ,FALSE
PPLI,TRUE
PPSI,TRUE
PR,TRUE
PRAAPRA ,FALSE
PRAX,TRUE
PRCH,TRUE
PRCTPROCEPT ,FALSE
PRDO,TRUE
PRE,TRUE
PRFXPRF ,FALSE
PRGPROG ,FALSE
PRGO,TRUE
PRGS,TRUE
PRHI,FALSE
PRI,TRUE
PRIM,TRUE
PRK,TRUE
PRKS,TRUE
PRLB,TRUE
PRLD,TRUE
PRM,TRUE
PRMB,TRUE
PRME,TRUE
PROK,TRUE
PROP,TRUE
PROV,FALSE
PPRPL,FALSE
PRPO,FALSE
PRQR,TRUE
PRSO,FALSE
PRSU,TRUE
PRT,FALSE
PRTA,TRUE
PRTH,TRUE
PRTS,TRUE
PRU,TRUE
PRVA,TRUE
PRZO,FALSE
PS,TRUE
PSA,TRUE
PSBD,FALSE
PSEC,TRUE
PSFE,TRUE
PSHG,FALSE
PSIGPS ,FALSE
PSIX,TRUE
PSKY,TRUE
PSMT,TRUE
PSN,TRUE
PSNL,TRUE
PPSQHPSQ ,FALSE
PSTL,TRUE
PSUS,FALSE
PSX,TRUE
PPTAC,FALSE
PTCPTC ,FALSE
PTCTPTC ,FALSE
PTEN,TRUE
PTGX,TRUE
PTHS,FALSE
PTLEPTL LT,FALSE
PTLO,TRUE
PTN,FALSE
PTON,TRUE
PTOR,FALSE
PTRN,TRUE
PUBM,TRUE
PULM,FALSE
PUMP,TRUE
PURR,TRUE
PUSA,TRUE
PVHPVH ,FALSE
PVL,TRUE
PVLA,TRUE
PW,FALSE
PPWCM,FALSE
PWP,TRUE
PWR,TRUE
PWRL,FALSE
PXED,FALSE
PXLW,FALSE
PXS,FALSE
PYPD,TRUE
PYPL,TRUE
PYXS,TRUE
PZG,FALSE
PZZA,TRUE
Q,TRUE
QADRQDRO ,FALSE
QBTSD-,FALSE
QCLSQ/C ,FALSE
QCOMQUALCOMM ,FALSE
QCRHQCR ,FALSE
QDEL,TRUE
QGEN,TRUE
QQH,FALSE
QQLEP,FALSE
QLYS,TRUE
QMCO,TRUE
QMLS,FALSE
QQNCX,FALSE
QNME,FALSE
QNST,TRUE
QNT,TRUE
QRED,FALSE
QRHC,TRUE
QRVO,TRUE
QS,TRUE
QSEA,FALSE
QSI,TRUE
QSR,TRUE
QTEXQTREX ,FALSE
QTIQT ,FALSE
QTRX,TRUE
QTTBQ32 ,FALSE
QTWOQ2 ,FALSE
QUAD,TRUE
QUBT,TRUE
QUCY,FALSE
QUIK,TRUE
QUMS,FALSE
QUR,FALSE
QQVCGQVC ,FALSE
QXL,FALSE
"QXOQXO, ",FALSE
R,TRUE
RAC,FALSE
RACC,FALSE
RRACD,FALSE
RAIL,TRUE
RAIN,FALSE
RAL,TRUE
RAMP,TRUE
RAND,FALSE
RANG,FALSE
RANI,TRUE
RAPP,TRUE
RARE,TRUE
RAVE,TRUE
RAY,FALSE
RAYA,FALSE
RBBRBB ,FALSE
RBBN,TRUE
RBCRBC ,FALSE
RBCAA,TRUE
RRBKB,FALSE
RBLX,TRUE
RRBNE,FALSE
RBRK,TRUE
RC,TRUE
RCAT,TRUE
RCBC,FALSE
RCEL,TRUE
RCKT,TRUE
RCKY,FALSE
RCL,TRUE
RCMTRCM ,FALSE
RCON,TRUE
RCT,FALSE
RCUS,TRUE
RDAC,FALSE
RDAG,FALSE
RDCM,TRUE
RDDT,TRUE
RDGT,FALSE
RDI,TRUE
RDN,TRUE
RDNT,TRUE
RDNW,TRUE
RDVT,TRUE
RDW,TRUE
RDWR,TRUE
RDZN,FALSE
REA,FALSE
REAL,TRUE
REAX,TRUE
REBN,FALSE
RECT,FALSE
REED,FALSE
RREF,FALSE
REFI,TRUE
REFR,TRUE
REG,TRUE
REGN,TRUE
REI,TRUE
REKR,TRUE
RELL,TRUE
RELY,TRUE
RENT,FALSE
RENX,FALSE
REPL,TRUE
REPX,TRUE
"RESRPC, ",FALSE
RETO,FALSE
REVB,FALSE
REXREX ,FALSE
REXR,TRUE
REYN,TRUE
REZI,TRUE
RF,TRUE
RFAIRF ,FALSE
RFAMRF ,FALSE
RFILRF ,FALSE
RFL,TRUE
RGA,TRUE
RGC,TRUE
RGCORGC ,FALSE
RGEN,TRUE
RGLD,TRUE
RGNT,FALSE
RGNXREGENXBIO ,FALSE
RGP,TRUE
RGR,TRUE
RGS,FALSE
RGTI,TRUE
RH,TRUE
RHI,TRUE
RHLD,FALSE
RHP,TRUE
RIBB,FALSE
RICKRCI ,FALSE
RIG,TRUE
RIGL,TRUE
RILYBRC ,FALSE
RIME,FALSE
RIOT,TRUE
RITM,TRUE
RITR,FALSE
RIVN,TRUE
RJET,FALSE
RJF,TRUE
RKDA,FALSE
RKLB,TRUE
RKT,TRUE
RKTO,FALSE
RL,TRUE
RLAY,TRUE
RLGT,TRUE
RLIRLI ,FALSE
RLJRLJ ,FALSE
RLMD,TRUE
RLYB,FALSE
RM,TRUE
RMAXRE/MAX ,FALSE
RMBI,FALSE
RMBS,TRUE
RMCF,FALSE
RMCO,FALSE
RMD,TRUE
RMIX,FALSE
RMNI,TRUE
RMR,TRUE
RMSG,FALSE
RRMTI,FALSE
RNA,TRUE
RNAC,TRUE
RNAZ,FALSE
RNG,TRUE
RNGR,TRUE
RNGT,FALSE
RNR,TRUE
RNST,TRUE
RNTX,FALSE
RNW,TRUE
RNXT,FALSE
ROAD,TRUE
ROC,FALSE
ROCK,TRUE
ROG,TRUE
ROIV,TRUE
ROK,TRUE
ROKU,TRUE
ROL,TRUE
ROLR,FALSE
ROMA,FALSE
ROOT,TRUE
ROP,TRUE
ROST,TRUE
RPAY,TRUE
RPC,TRUE
RPD,TRUE
RPGL,FALSE
RPID,FALSE
RPMRPM ,FALSE
RPRX,TRUE
RPT,FALSE
RR,TRUE
RRBI,FALSE
RRC,TRUE
RREVRRE ,FALSE
RRGB,TRUE
RRR,TRUE
RRX,TRUE
RS,TRUE
RSG,TRUE
RSI,TRUE
RSKD,TRUE
RSSS,FALSE
RSVR,TRUE
RTAC,FALSE
RTBRTB ,FALSE
RTXRTX ,FALSE
RRUBI,FALSE
RUMRUM ,FALSE
RUN,TRUE
RUSHA,TRUE
RVLV,TRUE
RVMD,TRUE
RVP,TRUE
RVSB,TRUE
RVSN,FALSE
RVTY,TRUE
RWAY,TRUE
RWT,TRUE
"RXORXO, ",FALSE
RXRX,TRUE
RXST,TRUE
RXT,TRUE
RYAM,TRUE
RYAN,TRUE
RYDE,FALSE
RYET,FALSE
"RYMRYTHM, ",FALSE
RYN,TRUE
RYO,FALSE
RYTM,TRUE
RYZ,TRUE
RZLT,TRUE
RZLV,TRUE
S,TRUE
SAAQ,FALSE
SABR,TRUE
SABSSAB ,FALSE
SAC,FALSE
SACH,TRUE
SAFE,TRUE
SAFT,TRUE
SAFXXCF ,FALSE
SAGT,FALSE
SAGU,FALSE
SAH,TRUE
SAIA,TRUE
SAIC,TRUE
SAIHSAIHEAT ,FALSE
SAIL,TRUE
SAM,TRUE
SAMG,TRUE
SANA,TRUE
SANM,TRUE
SAR,TRUE
SARO,TRUE
SATL,TRUE
SB,TRUE
SBACSBA ,FALSE
SBCSBC ,FALSE
SBCF,TRUE
SBET,TRUE
SSBEV,FALSE
SBFGSB ,FALSE
SBFM,FALSE
SBGI,TRUE
SBH,TRUE
SBLK,TRUE
SBMT,FALSE
SBR,FALSE
SBRA,TRUE
SBSI,TRUE
SBUX,TRUE
SBXD,FALSE
SBXE,FALSE
SCCO,TRUE
SCHL,TRUE
SCHW,TRUE
SCI,TRUE
SCIISC II ,FALSE
SCKT,FALSE
SCL,TRUE
SCLX,FALSE
SCM,TRUE
SCNX,FALSE
SCO,TRUE
SCPQ,FALSE
SCSC,TRUE
SSCTX,FALSE
SCWO374,FALSE
"SCYXSCYNEXIS, ",FALSE
SD,TRUE
SDA,FALSE
SDEV,FALSE
SDGR,TRUE
SDHC,FALSE
SDHI,FALSE
SDOT,FALSE
SDRL,TRUE
SDST,FALSE
SEAT,FALSE
SEB,FALSE
SSECZ,FALSE
SEDG,TRUE
SEED,FALSE
SEER,TRUE
SEG,TRUE
SSEGG,FALSE
SEI,TRUE
SEICSEI ,FALSE
SELF,TRUE
SENEA,FALSE
SENS,TRUE
SEPN,TRUE
SER,FALSE
SERA,TRUE
SERV,TRUE
SESSES AI ,FALSE
SEV,TRUE
SEVN,TRUE
SEZL,TRUE
SF,TRUE
SFBC,FALSE
SFBS,TRUE
SFD,TRUE
SFHG,FALSE
SFIX,TRUE
SFLSFL ,FALSE
SFM,TRUE
SFNC,TRUE
SFST,TRUE
SFWL,FALSE
SG,TRUE
SGA,FALSE
SGC,TRUE
SGHC,TRUE
SGHT,TRUE
SGI,TRUE
SSGLY,FALSE
SGML,TRUE
SGMT,TRUE
SGP,FALSE
SGRY,TRUE
SGU,TRUE
SHAK,TRUE
SHAZ,TRUE
SHBI,TRUE
SHC,TRUE
SHEN,TRUE
SHFSSHF ,FALSE
SHIM,FALSE
SHIP,TRUE
SHLS,TRUE
SHMDSCHMID ,FALSE
SHO,TRUE
SHOE,TRUE
SHOO,TRUE
SHOP,TRUE
SSHOTRMG ML ,FALSE
SSHPH,FALSE
SHW,TRUE
SI,FALSE
"SIBNSI-BONE, ",FALSE
SIDU,TRUE
SIEB,TRUE
SIFSIFCO ,FALSE
SIG,TRUE
SIGASIGA ,FALSE
SIGI,TRUE
SILC,FALSE
SILO,FALSE
SIMASIM ,FALSE
SIND,FALSE
SINT,FALSE
SION,TRUE
SIRI,TRUE
SITCSITE ,FALSE
SITE,TRUE
SITM,TRUE
SJ,FALSE
SJM,TRUE
SJT,TRUE
SKIL,FALSE
SKIN,TRUE
SKKSKK ,FALSE
SKT,TRUE
SKWD,TRUE
SKY,TRUE
SKYA,TRUE
SKYE,TRUE
SKYH,TRUE
SKYQ,FALSE
SKYW,TRUE
SKYXSKYX ,FALSE
SLAB,TRUE
SLBSLB ,FALSE
SSLBTSL ,FALSE
SLDB,TRUE
SLDE,TRUE
SLDP,TRUE
SLE,FALSE
SLGSL ,FALSE
SLGB,FALSE
SLGL,FALSE
SLGN,TRUE
SLMSLM ,FALSE
SLMT,FALSE
SLND,FALSE
SLNG,FALSE
SLNH,FALSE
SLP,TRUE
SLQT,TRUE
SLRCSLR ,FALSE
SLSSELLAS ,FALSE
SLSN,FALSE
SLVM,TRUE
SLXN,FALSE
SMSM ,FALSE
SMA,TRUE
SMBC,TRUE
SMBK,TRUE
SMC,TRUE
SMCI,TRUE
SMG,TRUE
SMHISEACOR ,FALSE
SMID,FALSE
SMJFSMJ ,FALSE
SMMT,TRUE
SMP,TRUE
SMPL,TRUE
SMR,TRUE
SMRT,TRUE
SSMSI,FALSE
SMTC,TRUE
SMTI,FALSE
SMTK,FALSE
SMWB,TRUE
SMXSMX (,FALSE
SMXT,FALSE
SN,TRUE
SNA,TRUE
SSNAL,FALSE
SNAP,TRUE
SND,TRUE
SNDA,TRUE
SNDK,TRUE
SNDLSNDL ,FALSE
SNDR,TRUE
SNDX,TRUE
SNES,FALSE
SNEX,TRUE
SNFCA,FALSE
SNGX,FALSE
SNOA,FALSE
SNOW,TRUE
SNPS,TRUE
SNSC,FALSE
SNT,FALSE
SNTG,FALSE
SNTI,FALSE
SNWVSANUWAVE ,FALSE
SNXTD SYNNEX ,FALSE
SNYR,FALSE
SO,TRUE
SOAR,FALSE
SOBRSOBR ,FALSE
SOC,TRUE
SOCA,FALSE
SOFI,TRUE
SOLS,TRUE
SOLV,TRUE
SON,TRUE
"SONMDNA X, ",FALSE
SONO,TRUE
SOPHSOP,FALSE
SORA,FALSE
SOSSOS ,FALSE
SOTK,FALSE
SOUL,FALSE
SOUN,TRUE
SOWG,FALSE
SPAI,TRUE
SPB,TRUE
SPCB,FALSE
SPCE,TRUE
SPCX,TRUE
SPEG,FALSE
SPFI,TRUE
SPG,TRUE
SPGIS&P ,FALSE
SPH,TRUE
SPHL,FALSE
SPHR,TRUE
SPIR,TRUE
SPKL,FALSE
SPNT,TRUE
SPOK,TRUE
SPOT,TRUE
SPPLSIMPPLE LTD.,FALSE
SPRB,FALSE
SPRC,FALSE
SPRO,TRUE
SPRU,TRUE
SPRYARS ,FALSE
SPSCSPS ,FALSE
SPT,TRUE
SPTX,FALSE
SPWH,TRUE
SPWR,FALSE
SPXCSPX ,FALSE
SQFT,FALSE
SR,TRUE
SRAD,TRUE
SRBKSR ,FALSE
SRCE,TRUE
SREDBA ,FALSE
SRFM,FALSE
SRG,TRUE
SRI,TRUE
SRL,TRUE
SRPT,TRUE
SRRK,TRUE
SRTA,TRUE
SRTS,TRUE
SSRXHSRX ,FALSE
SRZN,FALSE
SSACSPAC,FALSE
SSB,TRUE
SSBI,FALSE
SSD,TRUE
SSEA,FALSE
SSIISS ,FALSE
SSM,FALSE
SSMR,FALSE
SSNCSS&C ,FALSE
SSPE.W. ,FALSE
SSRMSSR ,FALSE
SST,FALSE
SSTI,TRUE
SSTK,TRUE
SSYS,TRUE
ST,TRUE
STAASTAAR ,FALSE
STAG,TRUE
STAKSTAK ,FALSE
STBAS&T ,FALSE
STC,TRUE
STDN,FALSE
STESTERIS,FALSE
STEM,TRUE
STEP,TRUE
STEX,TRUE
STFS,FALSE
STGW,TRUE
STHO,TRUE
STI,FALSE
STIM,TRUE
STKS,TRUE
STLD,TRUE
STLN,TRUE
STNE,TRUE
STNG,TRUE
STOK,TRUE
STRA,TRUE
STRL,TRUE
STRO,TRUE
STRR,FALSE
STRTSTRATTEC SECURITY CORPORATION,FALSE
STRW,FALSE
STRZ,TRUE
STT,TRUE
STTK,TRUE
STUB,TRUE
STVN,TRUE
STWD,TRUE
STX,TRUE
STXS,TRUE
STZ,TRUE
SSUGPSU ,FALSE
SUI,TRUE
SUIG,TRUE
SUJA,FALSE
SUMASUMA ,FALSE
SUN,TRUE
SUNB,TRUE
SUNC,TRUE
SUNESU,FALSE
SUNS,TRUE
SUPN,TRUE
SUPX,FALSE
SURG,TRUE
SVAQ,FALSE
SSVC,FALSE
SVCC,FALSE
SVCO,FALSE
SVIV,FALSE
SVRA,TRUE
SVRN,FALSE
SVV,TRUE
SW,TRUE
SWAG,FALSE
SWBI,TRUE
SWIM,TRUE
SWK,TRUE
SWKS,TRUE
SWMR,FALSE
SWVL,FALSE
SWX,TRUE
SXC,TRUE
SXI,TRUE
SXT,TRUE
SSXTC,FALSE
SXTP60 ,FALSE
SYBT,TRUE
SYF,TRUE
SYK,TRUE
SYM,TRUE
SYNA,TRUE
SYNX,FALSE
SYPR,TRUE
SYRE,TRUE
SYY,TRUE
SZZL,FALSE
TAT&T ,FALSE
TACH,FALSE
TACO,FALSE
TACT,TRUE
TALK,TRUE
TALO,TRUE
TANH,FALSE
TAOP,FALSE
TAOX,FALSE
TAP,TRUE
TARA,TRUE
TARS,TRUE
TASK,TRUE
TATTTAT ,FALSE
TAVI,FALSE
TAYD,FALSE
TBBBBBB ,FALSE
TBBK,TRUE
TBCH,TRUE
TBI,TRUE
TBLA,TRUE
TBN,FALSE
TBPH,TRUE
TCBI,TRUE
TCBK,TRUE
TCBS,FALSE
TCBX,TRUE
TTCGXTCGX ,FALSE
TCI,FALSE
TCMD,TRUE
TCPC,TRUE
TCRT,FALSE
TCRXT,FALSE
TCX,TRUE
TDAC,FALSE
TDAYUSA TODAY ,FALSE
TDC,TRUE
TDG,TRUE
TTDIC,FALSE
TDOC,TRUE
TDS,TRUE
TTDTH,FALSE
TDUP,TRUE
TDW,TRUE
TDWD,FALSE
TDY,TRUE
TET1 ,FALSE
TEAD,TRUE
TEAM,TRUE
TECH,TRUE
TECX,TRUE
TELTE ,FALSE
TELATELA ,FALSE
TELO,FALSE
TEM,TRUE
TEN,TRUE
TENB,TRUE
TENX,TRUE
TER,TRUE
TEX,TRUE
TFC,TRUE
TFIN,TRUE
TFSLTFS ,FALSE
TFX,TRUE
TG,TRUE
TGE,FALSE
TGEN,TRUE
TGHL,FALSE
TGL,FALSE
TTGLS,FALSE
TGT,TRUE
TGTXTG ,FALSE
TH,TRUE
THC,TRUE
THCHTH ,FALSE
THFF,TRUE
THG,TRUE
TTHH,FALSE
THO,TRUE
THRM,TRUE
THRY,TRUE
TICTIC ,FALSE
TIGO,TRUE
TIL,FALSE
TILE,TRUE
TIPT,TRUE
TISI,FALSE
TITN,TRUE
TJGCTJGC ,FALSE
TJXTJX ,FALSE
TK,TRUE
TKNO,TRUE
TKOTKO ,FALSE
TKR,TRUE
TLF,FALSE
TLIH,FALSE
TLN,TRUE
TLNC,FALSE
TLPH,TRUE
TLRY,TRUE
TLS,TRUE
TLSA,TRUE
TLSI,FALSE
TLYS,TRUE
TMCTMC,FALSE
TMCI,TRUE
TMCR,FALSE
TMDETMD ,FALSE
TMDX,TRUE
TMO,TRUE
TMP,TRUE
TTMS,FALSE
TMTS,FALSE
TMUST-,FALSE
TNC,TRUE
TNDM,TRUE
TNET,TRUE
TNGX,TRUE
TNK,TRUE
TNL,TRUE
TNMGTNL ,FALSE
TTNON,FALSE
TNXP,TRUE
TNYA,TRUE
TOL,TRUE
TTOMZTOMI ,FALSE
TONT,FALSE
TONXTON ,FALSE
TOON,TRUE
TTOPTOP ,FALSE
TOPP,FALSE
TOPSTOP ,FALSE
TORO,TRUE
TOST,TRUE
TOVX,FALSE
TOWN,TRUE
TOYOTOYO ,FALSE
TTP,FALSE
TPB,TRUE
TPC,TRUE
TPCS,FALSE
TPET,FALSE
TPGTPG ,FALSE
TPL,TRUE
TPR,TRUE
TPST,FALSE
TPVG,TRUE
TR,TRUE
TRADAPEX ,FALSE
TRAK,TRUE
TRAW,FALSE
TRAX,TRUE
TRC,TRUE
TRDA,TRUE
TREE,TRUE
TREX,TRUE
TRGP,TRUE
TRGSTRG ,FALSE
TRIN,TRUE
TRIP,TRUE
TTRLV,FALSE
TRMB,TRUE
TRMK,TRUE
TRN,TRUE
TRNO,TRUE
TTRNR,FALSE
TRNS,TRUE
TRON,TRUE
"TROOTROOPS, ",FALSE
TROWT. ,FALSE
TROX,TRUE
TRS,TRUE
TRSG,FALSE
TRST,TRUE
TRT,FALSE
TRTXTPG RE ,FALSE
TRU,TRUE
TRUG,FALSE
TRUP,TRUE
TRV,TRUE
TRVI,TRUE
TRXTRX ,FALSE
TSAT,TRUE
TSBK,TRUE
TSCO,TRUE
TSEM,TRUE
TSHA,TRUE
TSLA,TRUE
TSLX,TRUE
TSN,TRUE
TSQ,TRUE
"TSSITSS, ",FALSE
TT,TRUE
TTAM,TRUE
TTAN,TRUE
TTC,TRUE
TTD,TRUE
TTECTTEC ,FALSE
TTEK,TRUE
TTGT,TRUE
TTI,TRUE
TTMITTM ,FALSE
TTRX,FALSE
TTWO,TRUE
TULP,FALSE
TUSK,TRUE
TVA,FALSE
TVAI,FALSE
TVGN,FALSE
TTVIV,FALSE
TVRD,TRUE
TVTX,TRUE
TW,TRUE
TWAV,FALSE
"TWFGTWFG, ",FALSE
TWG,FALSE
TWI,TRUE
TWIN,TRUE
TWLO,TRUE
TWLV,FALSE
TWST,TRUE
TXG1,FALSE
TXMD,TRUE
TXN,TRUE
TXNMTXNM ,FALSE
TXOTXO ,FALSE
TXRH,TRUE
TXT,TRUE
TYGO,FALSE
TYL,TRUE
TYRA,TRUE
TZOO,TRUE
U,TRUE
UA,TRUE
UAC,FALSE
UAL,TRUE
UAMY,TRUE
UANCVR ,FALSE
UAVS,FALSE
UBCP,FALSE
UBER,TRUE
UBSI,TRUE
UCARU ,FALSE
UCB,TRUE
UCTT,TRUE
"UDRUDR, ",FALSE
UE,TRUE
UEC,TRUE
UEIC,TRUE
UFCS,TRUE
UFG,FALSE
UFI,TRUE
UFPIUFP ,FALSE
UFPTUFP ,FALSE
UG,FALSE
UGIUGI ,FALSE
UHALU-,FALSE
UHS,TRUE
UHT,TRUE
UI,FALSE
UIS,TRUE
UK,FALSE
ULBI,FALSE
ULCC,TRUE
ULH,FALSE
ULSUL ,FALSE
ULTA,TRUE
UMAC,TRUE
UMBFUMB ,FALSE
UMHUMH ,FALSE
UNB,FALSE
UNCY,TRUE
UNF,TRUE
UNFI,TRUE
UNH,TRUE
UNIT,TRUE
UNM,TRUE
UNP,TRUE
UNTY,TRUE
UONE,TRUE
UP,TRUE
UPB,TRUE
UPBD,TRUE
UPC,FALSE
UUPLD,FALSE
UPS,TRUE
UPST,TRUE
UPWK,TRUE
UPXI,TRUE
URBN,TRUE
URGN,TRUE
URI,TRUE
UUROY,FALSE
USACUSA ,FALSE
USARUSA ,FALSE
USAS,TRUE
USAUU.S. ,FALSE
USBU.S. ,FALSE
"USBCUSBC, ",FALSE
USCBUSCB ,FALSE
UUSDE,FALSE
USEA,FALSE
USFDUS ,FALSE
USGOU.S. ,FALSE
USIO,TRUE
USLM,TRUE
USNAUSANA ,FALSE
USPHU.S. ,FALSE
UTHR,TRUE
UTI,TRUE
UTLUNITIL ,FALSE
UTMD,FALSE
UTSIUT,FALSE
UTZ,TRUE
UUU,FALSE
UVEUNIVERSAL INSURANCE HOLDINGS INC,FALSE
UVSP,TRUE
UVV,TRUE
UWMCUWM ,FALSE
UZX,FALSE
V,TRUE
VABK,FALSE
VAC,TRUE
VACI,FALSE
VAL,TRUE
VALU,FALSE
VANI,TRUE
VATEINNOVATE ,FALSE
VBIO,FALSE
VC,TRUE
VCEL,TRUE
VCIGVCI ,FALSE
VCTR,TRUE
VCYT,TRUE
VECA,FALSE
VECO,TRUE
VEEA,FALSE
VEEE,FALSE
VEEV,TRUE
VEL,TRUE
VELO,TRUE
VENU,TRUE
VERA,TRUE
VERI,TRUE
VERU,TRUE
VERX,TRUE
VFCV.F. ,FALSE
VFF,TRUE
VFS,TRUE
VG,TRUE
VGAS,FALSE
VGNT,TRUE
VGZ,TRUE
VHC,FALSE
VHCP,FALSE
VHI,FALSE
VHUB,FALSE
VIA,TRUE
VIAV,TRUE
VICIVICI ,FALSE
VICR,TRUE
VIDAVIDA ,FALSE
VVII,FALSE
VIK,TRUE
VINP,TRUE
VIP,FALSE
VIR,TRUE
VIRC,TRUE
VIRT,TRUE
VISN,TRUE
VITL,TRUE
VVIVK,FALSE
VIVO,TRUE
VIVS,FALSE
VKTX,TRUE
VLGEA,FALSE
VLN,TRUE
VLO,TRUE
VLOS,FALSE
VLTO,TRUE
VLY,TRUE
VVMAR,FALSE
VMC,TRUE
VMD,TRUE
VMI,TRUE
VNCE,FALSE
VNDA,TRUE
VNME,FALSE
VNO,TRUE
VNOM,TRUE
VNRX,TRUE
VNT,TRUE
VNTG,FALSE
VOCVOC ,FALSE
VVOGX,FALSE
VOR,TRUE
VOYA,TRUE
VOYG,TRUE
VPG,TRUE
VRA,TRUE
VVRAX,FALSE
VRCA,FALSE
VRDN,TRUE
VREX,TRUE
VRM,FALSE
VRME,FALSE
VRNS,TRUE
VRRM,TRUE
VRSK,TRUE
VRSN,TRUE
VRT,TRUE
VRTS,FALSE
VRTX,TRUE
VVRXA,FALSE
VS,FALSE
VSAT,TRUE
VSECVSE ,FALSE
VSH,TRUE
VSMEVS ,FALSE
VSNT,TRUE
VST,TRUE
VSTM,TRUE
VSTS,TRUE
VSXY,TRUE
VTAK,FALSE
VTEX,TRUE
VTGN,TRUE
VTIX,FALSE
VTOL,TRUE
VTR,TRUE
VTRS,TRUE
VTS,TRUE
VTSI,TRUE
VTV,TRUE
VUZI,TRUE
VVOS,FALSE
VVV,TRUE
"VVXV2X, ",FALSE
VWAV,TRUE
VYGR,TRUE
VYXNCR ,FALSE
VZ,TRUE
W,TRUE
WAB,TRUE
WABC,TRUE
WAFD,TRUE
WAFU,FALSE
WAL,TRUE
WALD,FALSE
WASH,TRUE
WAT,TRUE
WATT,FALSE
WAY,TRUE
WBD,TRUE
WBI,TRUE
WBS,TRUE
WBTNWEBTOON ,FALSE
WBUYWEBUY GLOBAL LTD.,FALSE
WBX,TRUE
WCCWESCO ,FALSE
WCT,FALSE
WD,TRUE
WDAY,TRUE
WDC,TRUE
WDFCWD-40 ,FALSE
WEAV,TRUE
WECWEC ,FALSE
WELL,TRUE
WEN,TRUE
WENC,FALSE
WENN,FALSE
WERN,TRUE
WES,TRUE
WEST,TRUE
WETH,FALSE
WWETO,FALSE
WEXWEX ,FALSE
WEYS,FALSE
WFC,TRUE
WFCF,FALSE
WFFWF ,FALSE
WFRD,TRUE
WGO,TRUE
WGS,TRUE
WH,TRUE
WHD,TRUE
WHF,TRUE
WHG,TRUE
WHK,FALSE
WWHLR,FALSE
WHR,TRUE
WHWK,TRUE
WILCG. ,FALSE
WIMI,TRUE
WINA,FALSE
WING,TRUE
WIX,TRUE
WK,TRUE
WKC,TRUE
WKHS,FALSE
WKSP,FALSE
WWLCO,FALSE
WLDN,TRUE
WLDS,FALSE
WLFC,FALSE
WLII,FALSE
WLK,TRUE
WLKP,TRUE
WLTH,TRUE
WLY,TRUE
WM,TRUE
WMB,TRUE
WMG,TRUE
WMK,TRUE
WMS,TRUE
WMT,TRUE
WNC,TRUE
WNEB,TRUE
WNW,FALSE
WWOKWORK ,FALSE
WOLF,TRUE
WOOF,TRUE
WOR,TRUE
WPAC,FALSE
WPCW. P. ,FALSE
WRAP,TRUE
WRBW.R. ,FALSE
WRBY,TRUE
WRLD,FALSE
WS,TRUE
WSBC,TRUE
WSBF,TRUE
WSBK,FALSE
WSC,TRUE
WSE,TRUE
WSFSWSFS ,FALSE
WSHP,FALSE
WSM,TRUE
WSO,TRUE
WST,TRUE
WSTN,FALSE
WT,TRUE
WTBA,TRUE
WTF,FALSE
WTFC,TRUE
WTG,FALSE
WTIW&T ,FALSE
WTM,FALSE
WTRG,TRUE
WTS,TRUE
WTTR,TRUE
WTW,TRUE
WU,TRUE
WULF,TRUE
WWVE,FALSE
WVVI,FALSE
WWWW ,FALSE
WWD,TRUE
WWR,TRUE
WWW,TRUE
WXMWF ,FALSE
WY,TRUE
WYFI,TRUE
WYNN,TRUE
WYY,TRUE
XXAIR,FALSE
XBIO,FALSE
XBITX,FALSE
XBPXBP ,FALSE
XCBEX3 ,FALSE
XCUR,FALSE
XEX-,FALSE
XEL,TRUE
XELB,FALSE
XENE,TRUE
XERS,TRUE
XFLHXFLH ,FALSE
XFORX4 ,FALSE
XGN,TRUE
XHLDTEN ,FALSE
XHR,TRUE
XIFRXPLR ,FALSE
XLO,FALSE
"XMAXXMAX, ",FALSE
XMTR,TRUE
XNCR,TRUE
XOM,TRUE
XOS,FALSE
XPXP ,FALSE
"XPELXPEL, ",FALSE
XPER,TRUE
XPL,FALSE
"XPOXPO, ",FALSE
XPOF,TRUE
XXPON,FALSE
XXPRO,FALSE
XRAYDENTSPLY SIRONA ,FALSE
XRN,TRUE
XRPN,FALSE
XRX,TRUE
XSLL,FALSE
XTIAXTI ,FALSE
XTNT,FALSE
"XWELXWELL, ",FALSE
XXI,TRUE
XXXII2,FALSE
XYL,TRUE
XYZ,TRUE
XZO,FALSE
YYAAS,FALSE
YYARW,FALSE
YCB,FALSE
YCYAA ,FALSE
YDDL,FALSE
YDESYD ,FALSE
YDKG,FALSE
YELP,TRUE
YETIYETI ,FALSE
YEXT,TRUE
YYHCLQR ,FALSE
YHGJ,FALSE
YHNAYHN ,FALSE
YIBO,FALSE
YYICC,FALSE
YYMATJ-,FALSE
YORW,TRUE
YOU,TRUE
YSS,TRUE
YSWY,FALSE
YSXTYSX ,FALSE
YTRA,FALSE
YUM,TRUE
YUMC,TRUE
YYAI,FALSE
YYYGHYY ,FALSE
Z,TRUE
ZBAO,FALSE
ZBH,TRUE
ZBIO,TRUE
ZBRA,TRUE
ZZCMD,FALSE
ZD,TRUE
ZDAI,FALSE
ZDGE,TRUE
ZENA,TRUE
ZEO,FALSE
ZETA,TRUE
ZGN,TRUE
ZIMZIM ,FALSE
ZIP,TRUE
ZJKZJK ,FALSE
ZJYLJIN MEDICAL INTERNATIONAL LTD.,FALSE
ZKINZK ,FALSE
ZKP,FALSE
ZM,TRUE
ZZNB,FALSE
ZNTL,TRUE
ZONE,FALSE
ZS,TRUE
ZSQRZ ,FALSE
ZSTK,FALSE
ZTG,FALSE
ZTS,TRUE
ZUMZ,TRUE
ZURA,TRUE
ZVIA,TRUE
ZVRA,TRUE
ZWS,TRUE
ZYBT,FALSE
ZYME,TRUE
